{
    "down": "নিৰ্দেশনাসমূহ দেখুৱাওক",
    "icon": "লিপি লেখিকাৰ ৱেব ছাইটলৈ যাওক",
    "ins": "তেওঁলোকৰ সংশ্লিষ্ট অক্ষৰাৰ বাবে ক'লা ৰংত চৰিত্ৰবোৰ টিপক বা ক্লিক কৰক।\n টিপক ; বা ৰিছেট কৰিবলৈ বা ধাৰাবাহিকতা আঁতৰাবলৈ কিউ।",
    "title": "লিপি লেখিকাৰ লেখান সহায়িকা\nসম্পূৰ্ণ গতি আৰু শুদ্ধতাৰ সৈতে ভাৰতীয় ভাষা টাইপ কৰক",
    "up": "নিৰ্দেশনাসমূহ লুকুৱাওক"
}