{
    "down": "নির্দেশাবলী দেখান",
    "icon": "লিপি লেখিকার ওয়েব সাইটে যান",
    "ins": "তাদের সংশ্লিষ্ট অক্ষরের জন্য কালো অক্ষরে টিপুন বা ক্লিক করুন।\n চাপ ুন ; অথবা ধারাবাহিকতা পুনরায় সেট করতে বা অপসারণ করতে প্র।",
    "title": "লিপি লেখিকার লেখন সহায়িকা\nসম্পূর্ণ গতি এবং নির্ভুলতা সহ ভারতীয় ভাষাগুলি টাইপ করুন",
    "up": "নির্দেশাবলী লুকান"
}