{
    "down": "સૂચનાઓ બતાવો",
    "icon": "લિપી લેખિકાની વેબ સાઇટ પર જાઓ",
    "ins": "અક્ષરોને અનુરૂપ અક્ષરા માટે કાળા અક્ષરોને દબાવો અથવા ક્લિક કરો.\n દબાવો ; અથવા રીસેટ કરવા માટે અથવા ચાલુ રાખવાને દૂર કરવા માટે q.",
    "title": "લિપી લેખિકાની લેખન સહાયિકા\nસંપૂર્ણ ઝડપ અને ચોકસાઈ સાથે લખો ભારતીય ભાષાઓ",
    "up": "સૂચનાઓ છુપાવો"
}