{
    "down": "निर्देश हटाएं",
    "icon": "लिपि लेखिका के जालस्थान पर जाएं",
    "ins": "काले अक्षरों को लिखें या दबाएं उनके नीचे लिके अक्षरों को लिखने के लिए।\n  q या ; को दबाएं पुनर्प्रर्वतन करने के लिए।",
    "title": "लिपि लेखिका का लेखन सहायिका\nलिखें भारतीय भाषाएं पूर्ण एवं सूक्ष्मता के साथ",
    "up": "निर्देश छुपाएं"
}