{
    "down": "ಸೂಚನೆಗಳನ್ನು ತೋರಿಸು",
    "icon": "ಲಿಪಿ ಲೇಖಿಕಾ ಅವರ ವೆಬ್ ಸೈಟ್ ಗೆ ಹೋಗಿ",
    "ins": "ಅಕ್ಷರಗಳನ್ನು ಅವುಗಳ ಸಂಬಂಧಿತ ಅಕ್ಷರಕ್ಕಾಗಿ ಕಪ್ಪು ಬಣ್ಣದಲ್ಲಿ ಒತ್ತಿ ಅಥವಾ ಕ್ಲಿಕ್ ಮಾಡಿ.\n ಒತ್ತಿರಿ; ಅಥವಾ ಮುಂದುವರಿಕೆಗಳನ್ನು ಮರುಹೊಂದಿಸಲು ಅಥವಾ ತೆಗೆದುಹಾಕಲು q.",
    "title": "ಲಿಪಿ ಲೇಖಿಕಾ ಅವರ ಲೇಖಾನ್ ಸಹಾಯ್ಕಾ\nಪೂರ್ಣ ವೇಗ ಮತ್ತು ನಿಖರತೆಯೊಂದಿಗೆ ಭಾರತೀಯ ಭಾಷೆಗಳನ್ನು ಬೆರಳಚ್ಚಿಸಿ",
    "up": "ಸೂಚನೆಗಳನ್ನು ಮರೆಮಾಡಿ"
}