{
    "down": "നിർദ്ദേശങ്ങൾ കാണിക്കുക",
    "icon": "ലിപി ലേഖികയുടെ വെബ് സൈറ്റിലേക്ക് പോകുക",
    "ins": "ബന്ധപ്പെട്ട അക്ഷരത്തിനായി കറുപ്പിൽ അക്ഷരങ്ങൾ അമർത്തുകയോ ക്ലിക്കുചെയ്യുകയോ ചെയ്യുക.\n പ്രസ്സ്; അല്ലെങ്കിൽ പുനഃക്രമീകരിക്കുന്നതിനോ തുടർച്ചകൾ നീക്കംചെയ്യുന്നതിനോ ഉള്ള ക്യു.",
    "title": "ലിപി ലേഖികയുടെ ലേഖൻ സഹായിക\nപൂർണ്ണ വേഗതയും കൃത്യതയും ഉപയോഗിച്ച് ഇന്ത്യൻ ഭാഷകൾ ടൈപ്പ് ചെയ്യുക",
    "up": "നിർദ്ദേശങ്ങൾ മറയ്ക്കുക"
}