{
    "down": "सूचना दर्शवा",
    "icon": "लिपी लेखनिकाच्या वेबसाईटवर जा",
    "ins": "त्यांच्या संबंधित अक्षरासाठी काळ्या रंगात वर्ण दाबा किंवा क्लिक करा.\n दाबा ; किंवा क्यू रीसेट करण्यासाठी किंवा सातत्य काढून टाकण्यासाठी.",
    "title": "लिपी लेखनिकाची लेखन सहायिका\nपूर्ण वेग आणि अचूकतेने भारतीय भाषा टाइप करा",
    "up": "सूचना लपवा"
}