{
    "down": "ନିର୍ଦ୍ଦେଶାବଳୀ ଦେଖାନ୍ତୁ",
    "icon": "ଲିପି ଲେଖିକାଙ୍କ ୱେବ୍ ସାଇଟ୍ କୁ ଯାଆନ୍ତୁ",
    "ins": "ସେମାନଙ୍କର ଅନୁରୂପ ଅକ୍ଷରା ପାଇଁ କଳା ରଙ୍ଗରେ ଚରିତ୍ରଗୁଡିକ ଦବାନ୍ତୁ କିମ୍ବା କ୍ଲିକ୍ କରନ୍ତୁ |\n ଦବାନ୍ତୁ ; କିମ୍ୱା ପୁନଃସେଟ୍ କରିବାକୁ କିମ୍ୱା ଜାରିରଖିବାକୁ ପ୍ରଶ୍ନ କରନ୍ତୁ।",
    "title": "ଲିପି ଲେଖିକାଙ୍କ ଲେଖାନ୍ ସହାୟିକା\nପୂର୍ଣ୍ଣ ବେଗ ଏବଂ ସଠିକତା ସହ ଭାରତୀୟ ଭାଷା ଟାଇପ୍ କରନ୍ତୁ",
    "up": "ନିର୍ଦ୍ଦେଶାବଳୀ ଲୁଚାନ୍ତୁ"
}