{
    "down": "ਹਿਦਾਇਤਾਂ ਵੇਖਾਓ",
    "icon": "ਲਿਪੀ ਲੇਖਾਿਕਾ ਦੀ ਵੈੱਬ ਸਾਈਟ 'ਤੇ ਜਾਓ",
    "ins": "ਅੱਖਰਾਂ ਨੂੰ ਉਹਨਾਂ ਦੇ ਅਨੁਸਾਰੀ ਅਕਸ਼ਰਾ ਲਈ ਕਾਲੇ ਰੰਗ ਵਿੱਚ ਦਬਾਓ ਜਾਂ ਕਲਿੱਕ ਕਰੋ।\n ਦੱਬੋ ; ਜਾਂ ਨਿਰੰਤਰਤਾ ਨੂੰ ਰੀਸੈੱਟ ਕਰਨ ਜਾਂ ਹਟਾਉਣ ਲਈ q।",
    "title": "ਲਿਪੀ ਲੇਖਿਕਾ ਦਾ ਲੇਖਾਨ ਸਹਾਇਕਾ\nਪੂਰੀ ਗਤੀ ਅਤੇ ਸਟੀਕਤਾ ਨਾਲ ਭਾਰਤੀ ਭਾਸ਼ਾਵਾਂ ਟਾਈਪ ਕਰੋ",
    "up": "ਹਿਦਾਇਤਾਂ ਓਹਲੇ"
}