{
    "down": "निर्देशानि दर्शतु",
    "icon": "लिपिलेखिकायाः जालस्थानं प्रयातु",
    "ins": "कृष्णाक्षरान् लिखतु तुदतु वा तेषां निच्चैः लिखिताक्षराणि लेखितुम्।\n  qकुञ्जिकां ;कुञ्जिकां वा तुदतु पुनर्प्रवर्तितुं दूरीकर्तुं वा।",
    "title": "लिपिलेखिका-लेखनसहायिका\nलिखतु भारतीयाः भाषाः पूर्णेन गत्या सूक्ष्मतया च सह",
    "up": "निर्देशानि विदर्शतु"
}