{
    "down": "வழிமுறைகளை காண்பி",
    "icon": "லிபி லேகிகாவின் வலைத் தளத்திற்குச் செல்லவும்",
    "ins": "தொடர்புடைய அக்ஷராவிற்கு கருப்பு நிறத்தில் உள்ள எழுத்துக்களை அழுத்தவும் அல்லது கிளிக் செய்யவும்.\n அழுத்தவும்; அல்லது q மீட்டமைக்க அல்லது தொடர்ச்சிகளை அகற்ற.",
    "title": "லிபி லேகிகாவின் லேகான் சஹாயிகா\nமுழு வேகம் மற்றும் துல்லியத்துடன் இந்திய மொழிகளைத் தட்டச்சு செய்க",
    "up": "வழிமுறைகளை மறை"
}