{
    "down": "సూచనలను చూపు",
    "icon": "లిపి లేఖికా యొక్క వెబ్ సైట్ కు వెళ్లండి",
    "ins": "వాటి సంబంధిత అక్షరం కొరకు నలుపు రంగులో ఉండే క్యారెక్టర్లను ప్రెస్ చేయండి లేదా క్లిక్ చేయండి.\n ప్రెస్; లేదా q రీసెట్ చేయడానికి లేదా కొనసాగింపులను తొలగించడానికి.",
    "title": "లిపి లేఖికా యొక్క లేఖన్ సహాయికా\nపూర్తి వేగం మరియు ఖచ్చితత్త్వంతో భారతీయ భాషలను టైప్ చేయండి",
    "up": "సూచనలను దాచిపెట్టు"
}