{
    "down": "نِردےشَ ہَٹآےں",
    "icon": "لِپِ لےکھِکآ کے جآلَستھآنَ پَرَ جآےں",
    "ins": "کآلے اَکشَراوں کاو لِکھےں یآ دَبآےں اُنَکے ناِیچے لِکے اَکشَراوں کاو لِکھَنے کے لِے.\n  q یآ ؛ کاو دَبآےں پُنَرپرَروَتَنَ کَرَنے کے لِے.",
    "title": "لِپِ لےکھِکآ کآ لےکھَنَ سَہآیِکآ\nلِکھےں بھآرَتاِییَ بھآشآےں پاُورݨَ ےوَں ساُوکشمَتآ کے سآتھَ",
    "up": "نِردےشَ چھُپآےں"
}