{
    "lekhAH": {
        "about_msg": "لِپِ لےکھِکآ پَرِچَیَ",
        "about_text": "یَہَ اَنُپرَیاوگَ بھآرَتاِییَ بھآشآاوں کاو پاُورݨَ گَتِ ےوَں ساُوکشمَتآ کے سآتھَ لِکھَنے کے لِے ہاَے.\nاَدھِکَ جآنَکآراِی کے لِے {0}اَنُپرَیاوگَ جآلَستھآنَ{1} دےکھےں.",
        "anya_nirdesh": "‌ (شاُونیَ یاوجَکَ) کآ پرَیاوگَ ویَڃجَنَ سَماُوہَ کاو بھِننَ کَرَنے کے لِے کَرےں.",
        "download_link": "لِپِ لےکھِکآ اَوآہَرِتَ کَرےں",
        "home_link": "لِپِ لےکھِکآ کے جآلَستھآنَ پَرَ جآےں",
        "no_prvrtn": "#^ اَُرَ ^# باِیچَ مے لِکھےں یَدِ اُسَ لےکھَ کاو پَرِوَرتِتَ نَ کَرَنآ ہاو.",
        "parivartak": "لِپِ پَرِوَرتَکَ",
        "sahayika_text": "لےکھَنَ سَہآیِکآ",
        "show_lic": "اَنُجڃآپَترَ دِکھَےں",
        "show_table": "پَرِوَرتَنَ ساُوچاِی دےکھےں",
        "source_link": "لِپِ لےکھِکآ کآ سراوتَ دےکھےں",
        "script_set": "لےکھَنَ بھآشآ چُنےں",
        "defal_msg": "پاُوروَنِشچِتَ وِکَلپَ نِردھآرِتَ کَرےں",
        "setting": "پاُوروَنِشچِتَ وِکَلپَ",
        "issue": "ترُٹِ پَرِوےدَنَ کَرےں"
    },
    "others": {
        "convert": "پَرِوَرتِتَ کَرےں",
        "page_title": "لِپِ لےکھِکآ سَماوپَیُکتَ | لِکھےں بھآرَتاِییَ بھآشآےں پاُورݨَ گَتِ وَ ساُوکشمَتآ سَہَ",
        "title_lang": "{0} ـ لِپِ لےکھِکآ | لِکھےں {0} پاُورݨَ گَتِ وَ ساُوکشمَتآ سَہَ",
        "title_convert": "{0} ـ لِپِ پَرِوَرتَکَ | لِپِ لےکھِکآ | بھآرَتاِییَ لِپِیآںں پَرِوَرتِتَ کَرےں",
        "place": "یَہآںں لےکھَ پرَلِکھِتَ کَرےں {0}",
        "from": "{0} سے {1}"
    },
    "scripts": {
        "Assamese": "اَسَمِیآ",
        "Bengali": "بَںگآلاِی",
        "Brahmi": "برآہماِی",
        "Devanagari": "دےوَنآگَراِی",
        "Purna-Devanagari": "پاُورݨَ دےوَنآگَراِی",
        "Granth": "گرَنتھَ",
        "Gujarati": "گُجَرآتاِی",
        "Hindi": "ہِنداِی",
        "Kannada": "کَننَڑَ",
        "Konkani": "کاوںکَݨاِی",
        "Malayalam": "مَلَیآلَمَ",
        "Marathi": "مَرآٹھاِی",
        "Modi": "ماوڈاِی",
        "Nepali": "نےپآلاِی",
        "Normal": "سآمآنیَ",
        "Odia": "اوڑِیآ",
        "Punjabi": "پَںجآباِی",
        "Kashmiri": "کَشماِیراِی",
        "Sindhi": "سِندھاِی",
        "Romanized": "راومَناِیکرِتَ",
        "Sanskrit": "سَںسکرِتَ",
        "Sharada": "شآرَدآ",
        "Siddham": "سِددھَم",
        "Sinhala": "سِںہَلَ",
        "Tamil": "تَمِلَ",
        "Tamil-Extended": "تَمِلَ وِستآرِتَ",
        "Telugu": "تےلُگُ",
        "Urdu": "اُرداُو",
        "Vedic": "واَےدِکَ چِہنَ"
    },
    "title": {
        "app_lang": "لِپِ لےکھِکآ کآ بھآشآ مآدھیَمَ نِردھآرِتَ کَرےں",
        "back": "ماُولَ پرِشٹھَ پَرَ وآپَسَ جآےں",
        "close_img": "بَندَ",
        "cpy_btn": "لےکھَ پرَتِلِپِتَ کَرےں",
        "en-in": "اَںگرےزاِی",
        "hi-in": "ہِنداِی",
        "bn-in": "بَںگآلاِی",
        "sa-in": "سَںسکرِتَ",
        "kn-in": "کَننَڑَ",
        "ta-in": "تَمِلَ",
        "te-in": "تےلُگُ",
        "ml-in": "مَلَیآلَمَ",
        "gu-in": "گُجَرآتاِی",
        "mr-in": "مَرآٹھاِی",
        "ur-in": "اُرداُو",
        "pa-in": "پَںجآباِی",
        "or-in": "اوڑِیآ",
        "as-in": "اَسَمِیآ",
        "hide_warning": "چےتآوَناِی ہَٹآےں",
        "image": "پرَیاوگَ ساُوچاِی",
        "imgoff": "چآلاُو کَرےں",
        "imgoff1": "لےکھَنَ سَہآیِکآ چآلاُو کَرےں",
        "imgon": "بَندَ کَرےں",
        "imgon1": "لےکھَنَ سَہآیِکآ بَندَ کَرےں",
        "imgonlipi": "لِپِ لےکھِکآ چآلاُو کَرےں",
        "imgofflipi": "لِپِ لےکھِکآ بَندَ کَرےں",
        "lekhan_sahayika": "لےکھَنَ سَہآیِکآ",
        "mukhya_lekhan": "لِپِ لےکھِکآ لِکھےں بھآرَتاِییَ بھآشآےں پاُورݨَ گَتِ ےوَں ساُوکشمَتآ کے سآتھَ",
        "parivartak": "لِپِ پَرِوَرتَکَ",
        "sa_0": "سَںسکرِتَ پرَݨآلاِی بَندَ",
        "sa_1": "سَںسکرِتَ پرَݨآلاِی چآلاُو",
        "typ_lang": "لےکھَنَ بھآشآ چُنےں",
        "usage_btnm": "لِپِ لےکھِکآ پرَیاوگَ نِردےشَ",
        "redirect_msg": "اِسَ پرِشٹھَ کے اَدھِکَ اُپَیُکتَ سَںسکَرَݨَ پَرَ جآےں",
        "setting": "لِپِ لےکھِکآ کے پاُوروَنِشچِتَ وِکَلپاوں کآ نِردھآرَݨَ کَرےں",
        "anuvadak": "اِسَ لےکھَ کاو گاُوگَلَ اَنُوآدَکَ سے اَنُوآدَ کَرےں",
        "git": "لِپِ لےکھِکآ کآ سراوتَ گِٹَہَبَ پَرَ دےکھےں",
        "menu": "لِپِ لےکھِکآ اَنُپرَیاوگَ کاِی ساُوچاِی",
        "img_download": "اِسَ پرَیاوگَ ساُوچاِی کاِی چھَوِ کاو اَوآہَرِتَ کَرےں"
    }
}