{
    "lekhAH": {
        "about_msg": "लिपी लेखनिकाविषयी",
        "about_text": "पूर्ण वेग आणि अचूकतेने भारतीय भाषा टाइप करण्यासाठी हे एक अनुप्रयोग आहे.\nअधिक माहितीसाठी संदर्भित करा {0}अॅपची वेबसाइट{1}.",
        "anya_nirdesh": "व्यंजन गुच्छ वेगळे करण्यासाठी .q (शून्य रुंदी जॉईनर) वापरा.",
        "download_link": "लिपी लेखनिका डाउनलोड करा",
        "home_link": "लिपी लेखनिकाच्या मुखपृष्ठावर जा",
        "no_prvrtn": "लिप्यंतरण रोखण्यासाठी #^ आणि ^# दरम्यान लिहा.",
        "parivartak": "Lipi Parivartak",
        "sahayika_text": "लेखन सहायिका",
        "show_lic": "परवाना दर्शवा",
        "show_table": "वापर तक्ता पहा",
        "source_link": "वेइव लिपी लेखनिकाचा सोर्स कोड",
        "script_set": "टंकलेखन भाषा निश्चित करा",
        "defal_msg": "मुलभूत पर्याय निश्चित करा",
        "setting": "कोंदण",
        "issue": "एखाद्या समस्येचा अहवाल द्या"
    },
    "others": {
        "convert": "रूपांतरित करा",
        "page_title": "लिपी लेखनिका ऑनलाइन | पूर्ण वेग आणि अचूकतेने भारतीय भाषा टाइप करा",
        "title_lang": "{0} - लिपी लेखनिका | प्रकार {0} पूर्ण वेग आणि अचूकतेसह",
        "title_convert": "{0} - लिपी परिवर्तन | लिपी लेखनिका | भारतीय स्क्रिप्ट्स कन्व्हर्ट करा",
        "place": "येथे पाठ्य टाइप करा {0}",
        "from": "{0} ते {1}"
    },
    "scripts": {
        "Assamese": "असमिया",
        "Bengali": "बंगाली",
        "Brahmi": "ब्राह्मीName",
        "Devanagari": "देवनागरीName",
        "Purna-Devanagari": "पूर्णा देवनागरी",
        "Granth": "ग्रंथ",
        "Gujarati": "गुजराती",
        "Hindi": "हिंदी",
        "Kannada": "कन्नड",
        "Konkani": "कोकणी",
        "Malayalam": "मल्याळम",
        "Marathi": "मराठी",
        "Modi": "मोदी",
        "Nepali": "नेपाली",
        "Normal": "सर्वसामान्य",
        "Odia": "उडियाName",
        "Kashmiri": "काश्मिरीName",
        "Sindhi": "सिंधी",
        "Punjabi": "पंजाबी",
        "Romanized": "रोमनाइज्ड",
        "Sanskrit": "संस्कृत",
        "Sharada": "शारदा",
        "Siddham": "सिद्धम",
        "Sinhala": "सिंहली",
        "Tamil": "तमिळ",
        "Tamil-Extended": "तमिळ विस्तारित",
        "Telugu": "तेलगू",
        "Urdu": "उर्दू",
        "Vedic": "वैदिक प्रतीके"
    },
    "title": {
        "app_lang": "लिपी लेखनिकाची वापरकर्ता इंटरफेस भाषा सेट करा",
        "back": "मुख्य पानावर जा",
        "close_img": "मिटणे",
        "cpy_btn": "पाठ्य प्रत करा",
        "en-in": "इंग्रजी",
        "hi-in": "हिंदी",
        "bn-in": "बंगाली",
        "sa-in": "संस्कृत",
        "kn-in": "कन्नड",
        "ta-in": "तमिळ",
        "te-in": "तेलगू",
        "ml-in": "मल्याळम",
        "gu-in": "गुजराती",
        "mr-in": "मराठी",
        "ur-in": "उर्दू",
        "pa-in": "पंजाबी",
        "or-in": "ओडियाName",
        "as-in": "असमिया",
        "hide_warning": "चेतावणी लपवा",
        "image": "उपयोग सारणी",
        "imgoff": "चालू करा",
        "imgoff1": "लेखान सहायका चालू करा",
        "imgon": "बंद कर",
        "imgon1": "लेखन सहायिका बंद करा",
        "imgonlipi": "लिपी लेखनिका चालू करा",
        "imgofflipi": "लिपी लेखनिका बंद करा",
        "lekhan_sahayika": "टाइपिंग हेल्परName",
        "mukhya_lekhan": "लिपी लेखनिका प्रकार पूर्ण वेग आणि अचूकता असलेल्या भारतीय भाषा",
        "parivartak": "स्क्रिप्ट कनव्हर्टरComment",
        "sa_0": "संस्कृत मोड ऑफ",
        "sa_1": "संस्कृत मोड ऑनName",
        "typ_lang": "टंकलेखन भाषा निवडा",
        "usage_btnm": "Lipi Lekhika वापराच्या सूचना",
        "redirect_msg": "या पृष्ठाच्या अधिक अपोप्र्रिया आवृत्तीवर जा",
        "setting": "Lipi लेखीk चे मुलभूत पर्याय निश्चित करा",
        "anuvadak": "Google Translate वापरून भाषांतर करा",
        "git": "गिथबवरील लिपी लेखनिकाचा स्रोत कोड पहा",
        "menu": "लिपी लेखनिकाचा अॅप मेन्यू",
        "img_download": "उपयोग तक्ता प्रतिमा डाउनलोड करा"
    }
}