{
    "lekhAH": {
        "about_msg": "लिपिलेखिकापरिचयः",
        "about_text": "इदम् अनुप्रयोगः भारतीयभाषाः पूर्णगत्या पूर्णसूक्ष्मतया सह लेखितुम्।\nअधिकज्ञानाय {0}अनुप्रयोगस्य जालस्थानं{1} दर्शतु।",
        "anya_nirdesh": ".q(शून्ययोजकस्य) प्रयोगं व्यञ्जनसमूहं भित्तुं कुरु।",
        "download_link": "लिपिलेखिकां अवाहरतु",
        "home_link": "लिपिलेखिकायाः जालस्थानं यातु",
        "no_prvrtn": "#^ ^# च मध्ययोः लिखतु यदि तल् लेखं न परिवरिवर्तनं भवतु।",
        "parivartak": "लिपिपरिवर्तकम्",
        "sahayika_text": "लेखनसहायिका",
        "show_lic": "अनुज्ञापत्रं दर्शतु",
        "show_table": "परिवर्तनसूचीं दर्शतु",
        "source_link": "लिपिलेखिकायाः स्रोतं दर्शतु",
        "script_set": "लेखनभाषां चयनं कुरु",
        "defal_msg": "पूर्वनिश्चितविकल्पानि निर्धारणं कुरु",
        "setting": "पूर्वनिश्चितविकल्पानि",
        "issue": "त्रुटिं परिवेदयतु"
    },
    "others": {
        "convert": "परिवर्तनं कुरु",
        "page_title": "लिपिलेखिकासमोपयुक्तम् | लिखतु भारतीयभाषाः पूर्णेन गत्या सूक्ष्मतया सह",
        "title_lang": "{0} - लिपिलेखिका | लिखतु {0} पूर्णेन गत्या सूक्ष्मतया च सह",
        "title_convert": "{0} - लिपिपरिवर्तकम् | लिपिलेखिका | भारतीयलिप्यः परिवर्तयताम्",
        "place": "अत्र लेखं प्रलिखतु {0}",
        "from": "{0} अस्यात् {1}"
    },
    "scripts": {
        "Assamese": "असमिया",
        "Bengali": "बङ्गाली",
        "Brahmi": "ब्राह्मी",
        "Devanagari": "देवनागरी",
        "Purna-Devanagari": "पूर्णदेवनागरी",
        "Granth": "ग्रन्थ",
        "Gujarati": "गुजराती",
        "Hindi": "हिन्दी",
        "Kannada": "कन्नड",
        "Konkani": "कोङ्कणी",
        "Malayalam": "मलयाळम",
        "Marathi": "मराठी",
        "Modi": "मोडी",
        "Nepali": "नेपाली",
        "Normal": "सामान्य",
        "Odia": "ओरिया",
        "Punjabi": "पञ्जाबी",
        "Kashmiri": "कश्मीरी",
        "Sindhi": "सिन्धी",
        "Romanized": "रोमनीकृत",
        "Sanskrit": "संस्कृत",
        "Sharada": "शारदा",
        "Siddham": "सिद्धम्",
        "Sinhala": "सिंहल",
        "Tamil": "तमिल",
        "Tamil-Extended": "तमिल विस्तारित",
        "Telugu": "तेलुगु",
        "Urdu": "उर्दू",
        "Vedic": "वैदिकचिह्नम्"
    },
    "title": {
        "app_lang": "लिपिलेखिकायाः भाषामाध्यम निर्धारयतु",
        "back": "मूलपृष्ठं यातु",
        "close_img": "विचलतु",
        "cpy_btn": "लेखं प्रतिलिपतु",
        "en-in": "आङ्ग्लभाषा",
        "hi-in": "हिन्दी",
        "bn-in": "बङ्गाली",
        "sa-in": "संस्कृत",
        "kn-in": "कन्नड",
        "ta-in": "तमिऴ",
        "te-in": "तेलुगु",
        "ml-in": "मलयाळम",
        "gu-in": "गुजराती",
        "mr-in": "मराठी",
        "ur-in": "उर्दू",
        "pa-in": "पञ्जाबी",
        "or-in": "ओडिया",
        "as-in": "असमिया",
        "hide_warning": "प्रत्यादेशम् अपाक्रियते",
        "image": "प्रयोगसूची",
        "imgoff": "चलितम्",
        "imgoff1": "लेखनसहायिकां चलितम्",
        "imgon": "विचलितम्",
        "imgon1": "लेखनसहायिकां विचलितम्",
        "imgonlipi": "लिपिलेखिकां चलितु करें",
        "imgofflipi": "लिपिलेखिकां विचलतु",
        "lekhan_sahayika": "लेखनसहायिका",
        "mukhya_lekhan": "लिपि लेखिका लिखतु भारतीयभाषाः पूर्णेन गत्या सूक्ष्मतया च सह",
        "parivartak": "लिपिपरिवर्तकः",
        "sa_0": "संस्कृतरणालीं विचलितम्",
        "sa_1": "संस्कृतरणालीं चलितम्",
        "typ_lang": "लेखनभाषा चयतु",
        "usage_btnm": "लिपिलेखिका-प्रयोगनिर्देशम्",
        "redirect_msg": "अस्य पृष्ठस्य अधिकोपयुक्ते संस्करणे यातु",
        "setting": "लिपिलेखिकायाः पूर्वनिश्चितविकल्पानि निर्धारयताम्",
        "anuvadak": "इदं लेखं गूगलानुवादकेन अनुवादं क्रियताम्",
        "git": "लिपिलेखिकायाः स्रोतं गिटहबे दर्शतु",
        "menu": "लिपिलेखिकानुप्रयोगस्य सूची",
        "img_download": "अस्य प्रयोगसूच्यः छविम् अवाहरतु"
    }
}