{
    "lekhAH": {
        "about_msg": "लिपि लेखिका परिचय",
        "about_text": "यह अनुप्रयोग भारतीय भाषाओं को पूर्ण गति एवं सूक्ष्मता के साथ लिखने के लिए है।\nअधिक जानकारी के लिए {0}अनुप्रयोग जालस्थान{1} देखें।",
        "anya_nirdesh": ".q (शून्य योजक) का प्रयोग व्यञ्जन समूह को भिन्न करने के लिए करें।",
        "download_link": "लिपि लेखिका अवाहरित करें",
        "home_link": "लिपि लेखिका के जालस्थान पर जाएं",
        "no_prvrtn": "#^ और ^# बीच मे लिखें यदि उस लेख को परिवर्तित न करना हो।",
        "parivartak": "लिपि परिवर्तक",
        "sahayika_text": "लेखन सहायिका",
        "show_lic": "अनुज्ञापत्र दिखएं",
        "show_table": "परिवर्तन सूची देखें",
        "source_link": "लिपि लेखिका का स्रोत देखें",
        "script_set": "लेखन भाषा चुनें",
        "defal_msg": "पूर्वनिश्चित विकल्प निर्धारित करें",
        "setting": "पूर्वनिश्चित विकल्प",
        "issue": "त्रुटि परिवेदन करें"
    },
    "others": {
        "convert": "परिवर्तित करें",
        "page_title": "लिपि लेखिका समोपयुक्त | लिखें भारतीय भाषाएं पूर्ण गति व सूक्ष्मता सह",
        "title_lang": "{0} - लिपि लेखिका | लिखें {0} पूर्ण गति व सूक्ष्मता सह",
        "title_convert": "{0} - लिपि परिवर्तक | लिपि लेखिका | भारतीय लिपियाँ परिवर्तित करें",
        "place": "यहाँ लेख प्रलिखित करें {0}",
        "from": "{0} से {1}"
    },
    "scripts": {
        "Assamese": "असमिया",
        "Bengali": "बंगाली",
        "Brahmi": "ब्राह्मी",
        "Devanagari": "देवनागरी",
        "Purna-Devanagari": "पूर्ण देवनागरी",
        "Granth": "ग्रन्थ",
        "Gujarati": "गुजराती",
        "Hindi": "हिन्दी",
        "Kannada": "कन्नड़",
        "Konkani": "कोंकणी",
        "Malayalam": "मलयालम",
        "Marathi": "मराठी",
        "Modi": "मोडी",
        "Nepali": "नेपाली",
        "Normal": "सामान्य",
        "Odia": "ओड़िया",
        "Punjabi": "पंजाबी",
        "Kashmiri": "कश्मीरी",
        "Sindhi": "सिन्धी",
        "Romanized": "रोमनीकृत",
        "Sanskrit": "संस्कृत",
        "Sharada": "शारदा",
        "Siddham": "सिद्धम्",
        "Sinhala": "सिंहल",
        "Tamil": "तमिल",
        "Tamil-Extended": "तमिल विस्तारित",
        "Telugu": "तेलुगु",
        "Urdu": "उर्दू",
        "Vedic": "वैदिक चिह्न"
    },
    "title": {
        "app_lang": "लिपि लेखिका का भाषा माध्यम निर्धारित करें",
        "back": "मूल पृष्ठ पर वापस जाएं",
        "close_img": "बन्द",
        "cpy_btn": "लेख प्रतिलिपित करें",
        "en-in": "अंग्रेज़ी",
        "hi-in": "हिन्दी",
        "bn-in": "बंगाली",
        "sa-in": "संस्कृत",
        "kn-in": "कन्नड़",
        "ta-in": "तमिल",
        "te-in": "तेलुगु",
        "ml-in": "मलयालम",
        "gu-in": "गुजराती",
        "mr-in": "मराठी",
        "ur-in": "उर्दू",
        "pa-in": "पंजाबी",
        "or-in": "ओड़िया",
        "as-in": "असमिया",
        "hide_warning": "चेतावनी हटाएं",
        "image": "प्रयोग सूची",
        "imgoff": "चालू करें",
        "imgoff1": "लेखन सहायिका चालू करें",
        "imgon": "बन्द करें",
        "imgon1": "लेखन सहायिका बन्द करें",
        "imgonlipi": "लिपि लेखिका चालू करें",
        "imgofflipi": "लिपि लेखिका बन्द करें",
        "lekhan_sahayika": "लेखन सहायिका",
        "mukhya_lekhan": "लिपि लेखिका लिखें भारतीय भाषाएं पूर्ण गति एवं सूक्ष्मता के साथ",
        "parivartak": "लिपि परिवर्तक",
        "sa_0": "संस्कृत प्रणाली बन्द",
        "sa_1": "संस्कृत प्रणाली चालू",
        "typ_lang": "लेखन भाषा चुनें",
        "usage_btnm": "लिपि लेखिका प्रयोग निर्देश",
        "redirect_msg": "इस पृष्ठ के अधिक उपयुक्त संस्करण पर जाएं",
        "setting": "लिपि लेखिका के पूर्वनिश्चित विकल्पों का निर्धारण करें",
        "anuvadak": "इस लेख को गूगल अनुवादक से अनुवाद करें",
        "git": "लिपि लेखिका का स्रोत गिटहब पर देखें",
        "menu": "लिपि लेखिका अनुप्रयोग की सूची",
        "img_download": "इस प्रयोग सूची की छवि को अवाहरित करें"
    }
}