{
    "lekhAH": {
        "about_msg": "লিপি লেখিকাৰ বিষয়ে",
        "about_text": "এইটো সম্পূৰ্ণ গতি আৰু শুদ্ধতাৰে ভাৰতীয় ভাষা টাইপ কৰাৰ এক প্ৰয়োগ।\nঅধিক তথ্যৰ বাবে চাওক {0}এপ্পৰ ৱেবছাইট{1}.",
        "anya_nirdesh": "ব্যঞ্জনবৰ্ণ ক্লাষ্টাৰ পৃথক কৰিবলৈ .কিউ (শূন্য প্ৰস্থ ৰযোগাৰ) ব্যৱহাৰ কৰক।",
        "download_link": "লিপি লেখিকা ডাউনলোড কৰক",
        "home_link": "লিপি লেখিকাৰ হোম পেজলৈ যাওক",
        "no_prvrtn": "ট্ৰেন্সলিটাৰ প্ৰতিৰোধ কৰিবলৈ #^ আৰু ^# ৰ মাজত লিখক।",
        "parivartak": "লিপি পৰিৱৰ্তক",
        "sahayika_text": "লেখান সহায়িকা",
        "show_lic": "অনুজ্ঞাপত্ৰ প্ৰদৰ্শন কৰা হ'ব",
        "show_table": "ব্যৱহাৰ তালিকা দৰ্শন কৰক",
        "source_link": "ভেইৱ লিপি লেখিকাৰ উৎস কোড",
        "script_set": "টাইপিং ভাষা ছেট কৰক",
        "defal_msg": "ডিফল্ট বিকল্প সমূহ সংহতি কৰক",
        "setting": "সংহতি",
        "issue": "এটা সমস্যাৰ প্ৰতিবেদন দিয়ক"
    },
    "others": {
        "convert": "ৰূপান্তৰ কৰক",
        "page_title": "লিপি লেখিকা অনলাইন | সম্পূৰ্ণ গতি আৰু শুদ্ধতাৰ সৈতে ভাৰতীয় ভাষা টাইপ কৰক",
        "title_lang": "{0} - লিপি লেখিকা | ধৰণ {0} সম্পূৰ্ণ গতি আৰু শুদ্ধতাৰ সৈতে",
        "title_convert": "{0} - লিপি পৰিৱৰ্তক | লিপি লেখিকা | ভাৰতীয় লিপি ৰূপান্তৰ কৰক",
        "place": "ইয়াত লিখনী টাইপ কৰক {0}",
        "from": "{1} পৰা {0}"
    },
    "scripts": {
        "Assamese": "অসমীয়া",
        "Bengali": "বাংলা",
        "Brahmi": "ব্ৰাহ্মী",
        "Devanagari": "দেৱনাগৰী",
        "Purna-Devanagari": "পূৰ্ণ দেৱনাগৰী",
        "Granth": "গ্ৰন্থ",
        "Gujarati": "গুজৰাটি",
        "Hindi": "হিন্দী",
        "Kannada": "কানাড়া",
        "Konkani": "কোঙ্কণী",
        "Malayalam": "মালয়ালম",
        "Marathi": "মাৰাঠী",
        "Modi": "মোডী",
        "Nepali": "নেপালী",
        "Normal": "সাধাৰণ",
        "Odia": "ওড়িয়া",
        "Kashmiri": "কাশ্মীৰী",
        "Sindhi": "সিন্ধি",
        "Punjabi": "পাঞ্জাবি",
        "Romanized": "ৰোমানীকৰণ",
        "Sanskrit": "সংস্কৃত",
        "Sharada": "শাৰদা",
        "Siddham": "সিদ্ধম",
        "Sinhala": "সিংহল",
        "Tamil": "তামিল",
        "Tamil-Extended": "তামিল সম্প্ৰসাৰিত",
        "Telugu": "তেলেগু",
        "Urdu": "উৰ্দু",
        "Vedic": "বৈদিক চিহ্নসমূহ"
    },
    "title": {
        "app_lang": "লিপি লেখিকাৰ ব্যৱহাৰকাৰী আন্তঃপৃষ্ঠ ভাষা ছেট কৰক",
        "back": "গৃহ পৃষ্ঠালৈ যাওক",
        "close_img": "ওচৰ",
        "cpy_btn": "লিখনী প্ৰতিলিপি কৰক",
        "en-in": "ইংৰাজী",
        "hi-in": "হিন্দী",
        "bn-in": "বাংলা",
        "sa-in": "সংস্কৃত",
        "kn-in": "কানাড়া",
        "ta-in": "তামিল",
        "te-in": "তেলেগু",
        "ml-in": "মালয়ালম",
        "gu-in": "গুজৰাটি",
        "mr-in": "মাৰাঠী",
        "ur-in": "উৰ্দু",
        "pa-in": "পাঞ্জাবি",
        "or-in": "ওড়িয়া",
        "as-in": "অসমীয়া",
        "hide_warning": "সতৰ্কবাৰ্তা লুকুৱা",
        "image": "ব্যৱহাৰ তালিকা",
        "imgoff": "অন কৰক",
        "imgoff1": "লেখান সহায়িকাঅন কৰক",
        "imgon": "বন্ধ করা",
        "imgon1": "লেখান সহায়িকাক অফ কৰক",
        "imgonlipi": "লিপি লেখিকা অন কৰক",
        "imgofflipi": "লিপি লেখিকা অফ কৰক",
        "lekhan_sahayika": "টাইপিং সহায়ক",
        "mukhya_lekhan": "সম্পূৰ্ণ গতি আৰু শুদ্ধতাৰ সৈতে লিপি লেখিকা টাইপ ভাৰতীয় ভাষা",
        "parivartak": "স্ক্ৰিপ্ট কনভাৰ্টাৰ",
        "sa_0": "সংস্কৃত মোড অফ",
        "sa_1": "সংস্কৃত মোড অন",
        "typ_lang": "টাইপিং ভাষা বাছক",
        "usage_btnm": "লিপি লেখিকা ব্যৱহাৰৰ নিৰ্দেশনা",
        "redirect_msg": "এই পৃষ্ঠাৰ অধিক এপ্ৰোপ্ৰিয়া সংস্কৰণলৈ যাওক",
        "setting": "লিপি লেখীৰ ডিফল্ট বিকল্পসমূহ ছেট কৰক",
        "anuvadak": "গুগল ট্ৰান্সলেট ব্যৱহাৰ কৰি অনুবাদ কৰক",
        "git": "গীতাবৰ ওপৰত লিপি লেখিকাৰ উৎস কোড চাওক",
        "menu": "লিপি লেখিকাৰ এপ মেনু",
        "img_download": "ব্যৱহাৰ তালিকা ছবি ডাউনলোড কৰক"
    }
}