{
    "lekhAH": {
        "about_msg": "লিপি লেখিকা সম্পর্কে",
        "about_text": "এটি পূর্ণ গতি এবং নির্ভুলতার সাথে ভারতীয় ভাষাটাইপ করার একটি অ্যাপ্লিকেশন।\nআরও তথ্যের জন্য দেখুন {0}অ্যাপের ওয়েবসাইট{1}.",
        "anya_nirdesh": "ব্যঞ্জনবর্ণ ক্লাস্টারগুলি পৃথক করতে .q (শূন্য প্রস্থ যোগদানকারী) ব্যবহার করুন।",
        "download_link": "লিপি লেখিকা ডাউনলোড করুন",
        "home_link": "লিপি লেখিকার হোম পেজে যান",
        "no_prvrtn": "ট্রান্সলিটারেশন প্রতিরোধ করতে #^ এবং ^# এর মধ্যে লিখুন।",
        "parivartak": "লিপি পরিবর্তক",
        "sahayika_text": "লেখন সহায়িকা",
        "show_lic": "লাইসেন্স দেখান",
        "show_table": "ব্যবহারের সারণী দেখুন",
        "source_link": "ভিউ লিপি লেখিকার সোর্স কোড",
        "script_set": "টাইপিং ভাষা সেট করুন",
        "defal_msg": "ডিফল্ট বিকল্পগুলি সেট করুন",
        "setting": "সেটিং",
        "issue": "একটি সমস্যা রিপোর্ট করুন"
    },
    "others": {
        "convert": "রূপান্তর",
        "page_title": "লিপি লেখিকা সমোপযুক্ত | সম্পূর্ণ গতি এবং নির্ভুলতা সহ ভারতীয় টাইপ করুন",
        "title_lang": "{0} - লিপি লেখিকা | টাইপ {0} পূর্ণ গতি এবং নির্ভুলতা সঙ্গে",
        "title_convert": "{0} - লিপি পরিবারক | লিপি লেখিকা | ভারতীয় স্ক্রিপ্ট রূপান্তর করুন",
        "place": "এখানে লেখা টাইপ করুন {0}",
        "from": "{0} থেকে {1}"
    },
    "scripts": {
        "Assamese": "অসমীয়া",
        "Bengali": "বাঙ্গালি",
        "Brahmi": "ব্রাহ্মী",
        "Devanagari": "দেবনাগরী",
        "Purna-Devanagari": "পূর্ণ দেবনাগরি",
        "Granth": "গ্রন্থ",
        "Gujarati": "গুজরাতি",
        "Hindi": "হিন্দি",
        "Kannada": "কন্নড়",
        "Konkani": "কোঙ্কনি",
        "Malayalam": "মালয়ালম",
        "Marathi": "মারাঠি",
        "Modi": "মোদী",
        "Nepali": "নেপালি",
        "Normal": "স্বাভাবিক",
        "Odia": "ওড়িয়া",
        "Kashmiri": "কাশ্মীরি",
        "Sindhi": "সিন্ধি",
        "Punjabi": "পাঞ্জাবী",
        "Romanized": "রোমানাইজড",
        "Sanskrit": "সংস্কৃত",
        "Sharada": "শারদা",
        "Siddham": "সিধম",
        "Sinhala": "সিংহল",
        "Tamil": "তামিল",
        "Tamil-Extended": "তামিল বর্ধিত",
        "Telugu": "তেলেগু",
        "Urdu": "ঊর্দু",
        "Vedic": "বৈদিক প্রতীক"
    },
    "title": {
        "app_lang": "লিপি লেখিকার ইউজার ইন্টারফেস ভাষা সেট করুন",
        "back": "হোম পেজে যান",
        "close_img": "বন্ধ",
        "cpy_btn": "পাঠ্য অনুলিপি করুন",
        "en-in": "ইংরাজি",
        "hi-in": "হিন্দি",
        "bn-in": "বাঙ্গালি",
        "sa-in": "সংস্কৃত",
        "kn-in": "কন্নড়",
        "ta-in": "তামিল",
        "te-in": "তেলেগু",
        "ml-in": "মালয়ালম",
        "gu-in": "গুজরাতি",
        "mr-in": "মারাঠি",
        "ur-in": "ঊর্দু",
        "pa-in": "পাঞ্জাবী",
        "or-in": "ওডিয়া",
        "as-in": "অসমীয়া",
        "hide_warning": "সতর্কীকরণ লুকান",
        "image": "ব্যবহারের সারণী",
        "imgoff": "চালু করুন",
        "imgoff1": "লেখান সহয়িকা চালু করুন",
        "imgon": "বন্ধ করো",
        "imgon1": "লেখন সহায়িকা বন্ধ করুন",
        "imgonlipi": "লিপি লেখিকা চালু করুন",
        "imgofflipi": "লিপি লেখিকা বন্ধ করুন",
        "lekhan_sahayika": "টাইপিং হেল্পার",
        "mukhya_lekhan": "লিপি লেখিকা টাইপ পূর্ণ গতি এবং নির্ভুলতা সঙ্গে ভারতীয় ভাষা",
        "parivartak": "স্ক্রিপ্ট কনভার্টার",
        "sa_0": "সংস্কৃত মোড বন্ধ",
        "sa_1": "সংস্কৃত মোড চালু",
        "typ_lang": "টাইপিং ভাষা চয়ন করুন",
        "usage_btnm": "লিপি লেখিকা ব্যবহারের নির্দেশাবলী",
        "redirect_msg": "এই পৃষ্ঠার আরও অ্যাপ্রোপ্রিসংস্করণে যান",
        "setting": "লিপি লেফিকের ডিফল্ট বিকল্পগুলি সেট করুন",
        "anuvadak": "গুগল অনুবাদ ব্যবহার করে অনুবাদ করুন",
        "git": "গিথুব সম্পর্কে লিপি লেখিকার সোর্স কোড দেখুন",
        "menu": "লিপি লেখিকার অ্যাপ মেনু",
        "img_download": "ব্যবহারের সারণি চিত্র ডাউনলোড করুন"
    }
}