{
    "lekhAH": {
        "about_msg": "ਲਿਪੀ ਲੇਖਾਿਕਾ ਬਾਰੇ",
        "about_text": "ਇਹ ਪੂਰੀ ਗਤੀ ਅਤੇ ਸ਼ੁੱਧਤਾ ਦੇ ਨਾਲ ਭਾਰਤੀ ਭਾਸ਼ਾਵਾਂ ਟਾਈਪ ਕਰਨ ਲਈ ਇੱਕ ਐਪਲੀਕੇਸ਼ਨ ਹੈ।\nਵਧੇਰੇ ਜਾਣਕਾਰੀ ਵਾਸਤੇ ਦੇਖੋ {0}ਐਪਲੀਕੇਸ਼ਨ ਦੀ ਵੈੱਬਸਾਈਟ{1}.",
        "anya_nirdesh": "ਵਿਅੰਜਨ ਕਲੱਸਟਰਾਂ ਨੂੰ ਵੱਖ ਕਰਨ ਲਈ .q (ਜ਼ੀਰੋ ਚੌੜਾਈ ਜੁਆਇਨਰ) ਦੀ ਵਰਤੋਂ ਕਰੋ।",
        "download_link": "ਲਿਪੀ ਲੇਖਿਕਾ ਡਾਊਨਲੋਡ ਕਰੋ",
        "home_link": "ਲਿਪੀ ਲੇਖਿਕਾ ਦੇ ਮੁੱਖ ਪੰਨੇ 'ਤੇ ਜਾਓ",
        "no_prvrtn": "ਲਿਪਾਂਤਰਣ ਨੂੰ ਰੋਕਣ ਲਈ #^ ਅਤੇ ^# ਵਿਚਕਾਰ ਲਿਖੋ।",
        "parivartak": "ਲਿਪੀ ਪਰਿਵਾਰਕ",
        "sahayika_text": "Lekhan Sahayika",
        "show_lic": "ਲਾਈਸੈਂਸ ਵੇਖਾਓ",
        "show_table": "ਵਰਤੋਂ ਟੇਬਲ ਵੇਖੋ",
        "source_link": "ਵੀਵ ਲਿਪੀ ਲੇਖਾਕਾ ਦਾ ਸੋਰਸ ਕੋਡ",
        "script_set": "ਟਾਈਪਿੰਗ ਭਾਸ਼ਾ ਸੈੱਟ ਕਰੋ",
        "defal_msg": "ਡਿਫਾਲਟ ਚੋਣਾਂ ਸੈੱਟ ਕਰੋ",
        "setting": "ਸੈਟਿੰਗ",
        "issue": "ਸਮੱਸਿਆ ਦੀ ਰਿਪੋਰਟ ਕਰੋ"
    },
    "others": {
        "convert": "ਬਦਲੋ",
        "page_title": "ਲਿਪੀ ਲੇਖਿਕਾ ਆਨਲਾਈਨ | ਪੂਰੀ ਗਤੀ ਅਤੇ ਸਟੀਕਤਾ ਨਾਲ ਭਾਰਤੀ ਭਾਸ਼ਾਵਾਂ ਟਾਈਪ ਕਰੋ",
        "title_lang": "{0} - ਲਿਪੀ ਲੇਖਿਕਾ | ਕਿਸਮ {0} ਪੂਰੀ ਗਤੀ ਅਤੇ ਸਟੀਕਤਾ ਦੇ ਨਾਲ",
        "title_convert": "{0} - ਲਿਪੀ ਪਰਿਵਰਤਨ | ਲਿਪੀ ਲੇਖਾਕਾ | ਭਾਰਤੀ ਸਕ੍ਰਿਪਟਾਂ ਬਦਲੋ",
        "place": "ਟੈਕਸਟ ਇੱਥੇ ਟਾਈਪ ਕਰੋ {0}",
        "from": "{0} ਤੋਂ {1}"
    },
    "scripts": {
        "Assamese": "ਆਸਾਮੀName",
        "Bengali": "ਬੰਗਾਲੀ",
        "Brahmi": "ਬ੍ਰਹਮੀ",
        "Devanagari": "ਦੇਵਨਾਗਰੀ",
        "Purna-Devanagari": "ਪੂਰਨ ਦੇਵਨਾਗਰੀ",
        "Granth": "ਗ੍ਰੰਥ",
        "Gujarati": "ਗੁਜਰਾਤੀ",
        "Hindi": "ਹਿੰਦੀ",
        "Kannada": "ਕੰਨੜ",
        "Konkani": "ਕੋਂਕਣੀName",
        "Malayalam": "ਮਾਲਿਆਲਮ",
        "Marathi": "ਮਰਾਠੀ",
        "Modi": "ਮੋਦੀ",
        "Nepali": "ਨੇਪਾਲੀName",
        "Normal": "ਆਮ",
        "Odia": "ਓੜੀਆ",
        "Kashmiri": "ਕਸ਼ਮੀਰੀName",
        "Sindhi": "ਸਿੰਧੀ",
        "Punjabi": "ਪੰਜਾਬੀ",
        "Romanized": "ਰੋਮਨਾਈਜ਼ਡ",
        "Sanskrit": "ਸੰਸਕ੍ਰਿਤ",
        "Sharada": "ਸ਼ਾਰਦਾ",
        "Siddham": "ਸਿੱਧਮ",
        "Sinhala": "ਸਿਨਹਾਲਾ",
        "Tamil": "ਤਮਿਲ",
        "Tamil-Extended": "ਤਮਿਲ ਵਿਸਤਾਰਿਤ",
        "Telugu": "ਤੇਲਗੂ",
        "Urdu": "ਉਰਦੂ",
        "Vedic": "ਵੈਦਿਕ ਚਿੰਨ੍ਹ"
    },
    "title": {
        "app_lang": "ਲਿਪੀ ਲੇਖਾਿਕਾ ਦੀ ਯੂਜ਼ਰ ਇੰਟਰਫੇਸ ਭਾਸ਼ਾ ਸੈੱਟ ਕਰੋ",
        "back": "ਹੋਮ ਪੇਜ਼ 'ਤੇ ਜਾਓ",
        "close_img": "ਬੰਦ ਕਰੋ",
        "cpy_btn": "ਟੈਕਸਟ ਕਾਪੀ ਕਰੋ",
        "en-in": "ਅੰਗਰੇਜੀ",
        "hi-in": "ਹਿੰਦੀ",
        "bn-in": "ਬੰਗਾਲੀ",
        "sa-in": "ਸੰਸਕ੍ਰਿਤ",
        "kn-in": "ਕੰਨੜ",
        "ta-in": "ਤਮਿਲ",
        "te-in": "ਤੇਲਗੂ",
        "ml-in": "ਮਾਲਿਆਲਮ",
        "gu-in": "ਗੁਜਰਾਤੀ",
        "mr-in": "ਮਰਾਠੀ",
        "ur-in": "ਉਰਦੂ",
        "pa-in": "ਪੰਜਾਬੀ",
        "or-in": "ODIa",
        "as-in": "ਆਸਾਮੀName",
        "hide_warning": "ਚੇਤਾਵਨੀ ਓਹਲੇ",
        "image": "ਵਰਤੋਂ ਟੇਬਲ",
        "imgoff": "ਚਾਲੂ ਕਰੋ",
        "imgoff1": "ਲੇਖਨ ਸਹਾਇਕਾ ਚਾਲੂ ਕਰੋ",
        "imgon": "ਬੰਦ ਕਰੋ",
        "imgon1": "ਲੇਖਾਨ ਸਹਾਇਕਾ ਨੂੰ ਬੰਦ ਕਰੋ",
        "imgonlipi": "Lipi Lekhika ਨੂੰ ਚਾਲੂ ਕਰੋ",
        "imgofflipi": "Lipi Lekhika ਨੂੰ ਬੰਦ ਕਰੋ",
        "lekhan_sahayika": "ਟਾਈਪਿੰਗ ਸਹਾਇਕ",
        "mukhya_lekhan": "ਲਿਪੀ ਲੇਖਿਕਾ ਪੂਰੀ ਗਤੀ ਅਤੇ ਸਟੀਕਤਾ ਨਾਲ ਭਾਰਤੀ ਭਾਸ਼ਾਵਾਂ ਟਾਈਪ ਕਰੋ",
        "parivartak": "ਸਕ੍ਰਿਪਟ ਕਨਵਰਟਰ",
        "sa_0": "ਸੰਸਕ੍ਰਿਤ ਮੋਡ ਬੰਦ",
        "sa_1": "ਸੰਸਕ੍ਰਿਤ ਮੋਡ ਚਾਲੂ",
        "typ_lang": "ਟਾਈਪਿੰਗ ਭਾਸ਼ਾ ਚੁਣੋ",
        "usage_btnm": "ਲਿਪੀ ਲੇਖਾਕਾ ਦੀ ਵਰਤੋਂ ਬਾਰੇ ਹਿਦਾਇਤਾਂ",
        "redirect_msg": "ਇਸ ਪੰਨੇ ਦੇ ਹੋਰ ਅਨੁਕੂਲ ਸੰਸਕਰਣ 'ਤੇ ਜਾਓ",
        "setting": "ਲਿਪੀ ਲੇਖਿਕ ਦੀਆਂ ਡਿਫਾਲਟ ਚੋਣਾਂ ਸੈੱਟ ਕਰੋ",
        "anuvadak": "Google ਅਨੁਵਾਦ ਦੀ ਵਰਤੋਂ ਕਰਕੇ ਅਨੁਵਾਦ ਕਰੋ",
        "git": "ਗਿਥਬ 'ਤੇ ਲਿਪੀ ਲੇਖਿਕਾ ਦਾ ਸਰੋਤ ਕੋਡ ਵੇਖੋ",
        "menu": "ਲਿਪੀ ਲੇਖਾਿਕਾ ਦਾ ਐਪ ਮੀਨੂ",
        "img_download": "ਵਰਤੋਂ ਟੇਬਲ ਚਿੱਤਰ ਡਾਊਨਲੋਡ ਕਰੋ"
    }
}