{
    "lekhAH": {
        "about_msg": "લિપી લેખિકા વિશે",
        "about_text": "આ સંપૂર્ણ ગતિ અને ચોકસાઈ સાથે ભારતીય ભાષાઓને ટાઇપ કરવા માટેની એપ્લિકેશન છે.\nવધુ માહિતી માટે જુઓ {0}એપ્લિકેશનની વેબસાઇટ{1}.",
        "anya_nirdesh": "વ્યંજન સમૂહોને અલગ કરવા માટે .q (શૂન્ય પહોળાઈ જોડનાર)નો ઉપયોગ કરો.",
        "download_link": "લિપી લેખિકા ડાઉનલોડ કરો",
        "home_link": "લિપી લેખિકાના હોમ પેજ પર જાઓ",
        "no_prvrtn": "ટ્રાન્સલિટરેશનને અટકાવવા માટે #^ અને ^# વચ્ચે લખો.",
        "parivartak": "લિપી પરિવર્તનાત્મક",
        "sahayika_text": "લેખાન સહાયિકા",
        "show_lic": "લાઈસન્સ બતાવો",
        "show_table": "વપરાશ કોષ્ટક જુઓ",
        "source_link": "વીવ લિપી લેખિકાનો સ્ત્રોત કોડ",
        "script_set": "લખવાની ભાષા સુયોજિત કરો",
        "defal_msg": "મૂળભૂત વિકલ્પો સુયોજિત કરો",
        "setting": "સુયોજિત કરી રહ્યા છીએ",
        "issue": "મુદ્દાનો અહેવાલ આપો"
    },
    "others": {
        "convert": "રૂપાંતર કરો",
        "page_title": "લિપી લેખિકા ઓનલાઇન | સંપૂર્ણ ઝડપ અને ચોકસાઈ સાથે લખો ભારતીય ભાષાઓ",
        "title_lang": "{0} - લિપી લેખિકા | પ્રકાર {0} સંપૂર્ણ ઝડપ અને ચોકસાઈ સાથે",
        "title_convert": "{0} - લિપી પરિવર્તનક | લિપી લેખિકા | ભારતીય સ્ક્રિપ્ટોને રૂપાંતરિત કરો",
        "place": "લખાણ અંહિ લખો {0}",
        "from": "{0} થી {1}"
    },
    "scripts": {
        "Assamese": "આસામી",
        "Bengali": "બંગાળી",
        "Brahmi": "બ્રાહ્મી",
        "Devanagari": "દેવનાગરી",
        "Purna-Devanagari": "પૂર્ણા દેવનાગરી",
        "Granth": "ગ્રાન્થ",
        "Gujarati": "ગુજરાતી",
        "Hindi": "હિંદી",
        "Kannada": "કન્નડ",
        "Konkani": "કોંકણી",
        "Malayalam": "મલયાલમ",
        "Marathi": "મરાઠી",
        "Modi": "મોદી",
        "Nepali": "નેપાળી",
        "Normal": "સામાન્ય",
        "Odia": "ઓરિયા",
        "Kashmiri": "કશ્મીરી",
        "Sindhi": "સિંધી",
        "Punjabi": "પંજાબી",
        "Romanized": "રોમનીકૃત",
        "Sanskrit": "સંસ્કૃત",
        "Sharada": "શારદા",
        "Siddham": "સિદ્ધધામ",
        "Sinhala": "સિંહાલા",
        "Tamil": "તમિળ",
        "Tamil-Extended": "તમિલ વિસ્તૃત",
        "Telugu": "તેલુગુ",
        "Urdu": "ઉર્દૂ",
        "Vedic": "વૈદિક ચિહ્નો"
    },
    "title": {
        "app_lang": "લિપી લેખિકાની યુઝર ઇન્ટરફેસ ભાષાને સુયોજિત કરો",
        "back": "ઘર પાનાં પર જાઓ",
        "close_img": "બંધ કરો",
        "cpy_btn": "લખાણની નકલ કરો",
        "en-in": "અંગ્રેજી",
        "hi-in": "હિંદી",
        "bn-in": "બંગાળી",
        "sa-in": "સંસ્કૃત",
        "kn-in": "કન્નડ",
        "ta-in": "તમિળ",
        "te-in": "તેલુગુ",
        "ml-in": "મલયાલમ",
        "gu-in": "ગુજરાતી",
        "mr-in": "મરાઠી",
        "ur-in": "ઉર્દૂ",
        "pa-in": "પંજાબી",
        "or-in": "ઓડિયા",
        "as-in": "આસામી",
        "hide_warning": "ચેતવણી છુપાવો",
        "image": "વપરાશ કોષ્ટક",
        "imgoff": "ચાલુ કરો",
        "imgoff1": "લેખાન સહાયિકાને ચાલુ કરો",
        "imgon": "બંધ કરો",
        "imgon1": "લેખાન સહાયિકાને બંધ કરો",
        "imgonlipi": "લિપી લેખિકા ચાલુ કરો",
        "imgofflipi": "લિપી લેખિકાને બંધ કરો",
        "lekhan_sahayika": "ટાઇપ કરી રહ્યા છે મદદકર્તા",
        "mukhya_lekhan": "સંપૂર્ણ ઝડપ અને ચોકસાઈ સાથે લિપી લેખિકા પ્રકાર ભારતીય ભાષાઓ",
        "parivartak": "સ્ક્રિપ્ટ રુપાંતરક",
        "sa_0": "સંસ્કૃત સ્થિતિ બંધ",
        "sa_1": "સંસ્કૃત સ્થિતિ ચાલુ",
        "typ_lang": "લખવાની ભાષા પસંદ કરો",
        "usage_btnm": "લિપી લેખિકાના ઉપયોગની સૂચનાઓ",
        "redirect_msg": "આ પાનાંની વધુ એપ્રોપ્રિયા આવૃત્તિ પર જાઓ",
        "setting": "લિપી લેખિકના ડિફોલ્ટ વિકલ્પો સુયોજિત કરો",
        "anuvadak": "Google Translate નો ઉપયોગ કરીને ભાષાંતર કરો",
        "git": "ગીથબ પર લિપી લેખિકાનો સ્ત્રોત કોડ જુઓ",
        "menu": "લિપી લેખિકાનું એપ મેનુ",
        "img_download": "વપરાશ કોષ્ટક ડાઉનલોડ કરો"
    }
}