{
    "lekhAH": {
        "about_msg": "ଲିପି ଲେଖିକା ବିଷୟରେ",
        "about_text": "ଏହା ପୂର୍ଣ୍ଣ ବେଗ ଏବଂ ସଠିକତା ସହିତ ଭାରତୀୟ ଭାଷାଟାଇପ୍ କରିବାକୁ ଏକ ଆପ୍ଲିକେସନ୍ |\nଅଧିକ ସୂଚନା ପାଇଁ ରେଫର୍ କରନ୍ତୁ {0}ଆପ୍ଲିକେସନ୍ ୱେବସାଇଟ୍{1}.",
        "anya_nirdesh": "କୋନସୋନାଣ୍ଟ କ୍ଲଷ୍ଟରକୁ ଅଲଗା କରିବା ପାଇଁ .କ୍ୟୁ (ଶୂନ୍ୟ ଓସାର ଯୋଗଦାନକାରୀ) ବ୍ୟବହାର କରନ୍ତୁ।",
        "download_link": "ଲିପି ଲେଖିକା ଡାଉନଲୋଡ୍ କରନ୍ତୁ",
        "home_link": "ଲିପି ଲେଖିକାଙ୍କ ହୋମ୍ ପେଜ୍ କୁ ଯାଆନ୍ତୁ",
        "no_prvrtn": "ଟ୍ରାନ୍ସଲିନରାଇସନ୍ ରୋକିବା ପାଇଁ #^ ଏବଂ ^# ମଧ୍ୟରେ ଲେଖନ୍ତୁ।",
        "parivartak": "ଲିପି ପରିବର୍ତ୍ତକ",
        "sahayika_text": "ଲେଖାନ୍ ସହାୟିକା",
        "show_lic": "ଲାଇସେନ୍ସ ଦେଖାନ୍ତୁ",
        "show_table": "ବ୍ୟବହାର ଟେବୁଲ୍ ଦର୍ଶନ କରନ୍ତୁ",
        "source_link": "ଭେଓ ଲିପି ଲେଖିକାଙ୍କ ଉତ୍ସ କୋଡ୍",
        "script_set": "ଟାଇପିଂ ଭାଷା ସେଟ୍ କରନ୍ତୁ",
        "defal_msg": "ଡିଫଲ୍ଟ ବିକଳ୍ପଗୁଡିକ ସେଟ୍ କରନ୍ତୁ",
        "setting": "ସେଟିଂ",
        "issue": "ଏକ ସମସ୍ୟା ରିପୋର୍ଟ୍ କରନ୍ତୁ"
    },
    "others": {
        "convert": "ରୂପାନ୍ତରିତ",
        "page_title": "ଲିପି ଲେଖିକା ଅନଲାଇନ୍ | ପୂର୍ଣ୍ଣ ବେଗ ଏବଂ ସଠିକତା ସହ ଭାରତୀୟ ଭାଷା ଟାଇପ୍ କରନ୍ତୁ",
        "title_lang": "{0} - ଲିପି ଲେଖିକା | ପ୍ରକାର {0} ପୂର୍ଣ୍ଣ ବେଗ ଏବଂ ସଠିକତା ସହ",
        "title_convert": "{0} - ଲିପି ପରିବର୍ତ୍ତକ | ଲିପି ଲେଖିକା | ଭାରତୀୟ ସ୍କ୍ରିପ୍ଟଗୁଡିକ ରୂପାନ୍ତରିତ କରନ୍ତୁ",
        "place": "ଏଠାରେ ଟେକ୍ସଟ୍ ଟାଇପ୍ କରନ୍ତୁ {0}",
        "from": "{0} ରୁ {1}"
    },
    "scripts": {
        "Assamese": "ଆସାମୀ",
        "Bengali": "ବଙ୍ଗଳା",
        "Brahmi": "ବ୍ରାହ୍ମଣୀ",
        "Devanagari": "ଦେବନଗରୀ",
        "Purna-Devanagari": "ପୂର୍ଣ୍ଣ ଦେବନଗରୀ",
        "Granth": "ଗ୍ରାଣ୍ଟ",
        "Gujarati": "ଗୁଜରାଟୀ",
        "Hindi": "ହିନ୍ଦୀ",
        "Kannada": "କନ୍ନଡ",
        "Konkani": "କୋଙ୍କଣୀ",
        "Malayalam": "ମାଲାୟାଲାମ",
        "Marathi": "ମରାଠି",
        "Modi": "ମୋଦୀ",
        "Nepali": "ନେପାଳୀ",
        "Normal": "ସାଧାରଣ",
        "Odia": "ଓଡ଼ିଆ",
        "Kashmiri": "କାଶ୍ମୀରୀ",
        "Sindhi": "ସିନ୍ଧି",
        "Punjabi": "ପଞ୍ଜାବୀ",
        "Romanized": "ରୋମାନାଇଜ୍ ହୋଇଛି",
        "Sanskrit": "ସଂସ୍କୃତ",
        "Sharada": "ଶାରଦା",
        "Siddham": "ସିଦ୍ଧାମ୍",
        "Sinhala": "ସିନହାଲା",
        "Tamil": "ତାମିଲ",
        "Tamil-Extended": "ତାମିଲ ବିସ୍ତାରିତ",
        "Telugu": "ତେଲୁଗୁ",
        "Urdu": "ଉର୍ଦ୍ଦୁ",
        "Vedic": "ବୈଦିକ ପ୍ରତୀକ"
    },
    "title": {
        "app_lang": "ଲିପି ଲେଖିକାଙ୍କ ଉପଭୋକ୍ତା ଇଣ୍ଟରଫେସ୍ ଭାଷା ସେଟ୍ କରନ୍ତୁ",
        "back": "ହୋମ୍ ପୃଷ୍ଠାକୁ ଯାଆନ୍ତୁ",
        "close_img": "ବନ୍ଦ",
        "cpy_btn": "ଟେକ୍ସଟ୍ କପି କରନ୍ତୁ",
        "en-in": "ଇଂରାଜୀ",
        "hi-in": "ହିନ୍ଦୀ",
        "bn-in": "ବଙ୍ଗଳା",
        "sa-in": "ସଂସ୍କୃତ",
        "kn-in": "କନ୍ନଡ",
        "ta-in": "ତାମିଲ",
        "te-in": "ତେଲୁଗୁ",
        "ml-in": "ମାଲାୟାଲାମ",
        "gu-in": "ଗୁଜରାଟୀ",
        "mr-in": "ମରାଠି",
        "ur-in": "ଉର୍ଦ୍ଦୁ",
        "pa-in": "ପଞ୍ଜାବୀ",
        "or-in": "ଓଡ଼ିଆ",
        "as-in": "ଆସାମୀ",
        "hide_warning": "ଚେତାବନୀ ଲୁଚାନ୍ତୁ",
        "image": "ବ୍ୟବହାର ଟେବୁଲ୍",
        "imgoff": "ଟର୍ନ୍ ଅନ୍ କରନ୍ତୁ",
        "imgoff1": "ଲେଖାନ୍ ସହାୟିକା ଅନ୍ କରନ୍ତୁ",
        "imgon": "ବନ୍ଦ କରିଦିଅନ୍ତୁ",
        "imgon1": "ଲେଖାନ୍ ସହାୟିକାଙ୍କୁ ଟର୍ନ୍ ଅଫ୍ କରନ୍ତୁ",
        "imgonlipi": "ଲିପି ଲେଖିକା ଅନ୍ କରନ୍ତୁ",
        "imgofflipi": "ଲିପି ଲେଖିକା ଅଫ୍ କରନ୍ତୁ",
        "lekhan_sahayika": "ହେଲପର ଟାଇପିଂ",
        "mukhya_lekhan": "ଲିପି ଲେଖିକା ପୂର୍ଣ୍ଣ ବେଗ ଏବଂ ସଠିକତା ସହିତ ଭାରତୀୟ ଭାଷା ଟାଇପ୍ କରନ୍ତି",
        "parivartak": "ସ୍କ୍ରିପ୍ଟ କନଭର୍ଟର",
        "sa_0": "ସଂସ୍କୃତ ମୋଡ୍ ଅଫ୍",
        "sa_1": "ସଂସ୍କୃତ ମୋଡ୍ ଅନ୍",
        "typ_lang": "ଟାଇପିଂ ଭାଷା ବାଛନ୍ତୁ",
        "usage_btnm": "ଲିପି ଲେଖିକା ବ୍ୟବହାର ନିର୍ଦ୍ଦେଶାବଳୀ",
        "redirect_msg": "ଏହି ପୃଷ୍ଠାର ଅଧିକ ଆପ୍ରୋପ୍ରିଏ ସଂସ୍କରଣକୁ ଯାଆନ୍ତୁ",
        "setting": "ଲିପି ଲେଖିକଙ୍କ ଡିଫଲ୍ଟ ବିକଳ୍ପସେଟ୍ କରନ୍ତୁ",
        "anuvadak": "ଗୁଗଲ୍ ଅନୁବାଦ ବ୍ୟବହାର କରି ଅନୁବାଦ କରନ୍ତୁ",
        "git": "ଗିଟହବରେ ଲିପି ଲେଖିକାଙ୍କ ଉତ୍ସ କୋଡ୍ ଦେଖନ୍ତୁ",
        "menu": "ଲିପି ଲେଖିକାଙ୍କ ଆପ୍ ମେନ୍ୟୁ",
        "img_download": "ବ୍ୟବହାର ଟେବୁଲ୍ ଫଟୋ ଡାଉନଲୋଡ୍ କରନ୍ତୁ"
    }
}