{
    "lekhAH": {
        "about_msg": "லிபி லேகிகா பற்றி",
        "about_text": "இது இந்திய மொழிகளை முழு வேகத்துடனும் துல்லியத்துடனும் தட்டச்சு செய்வதற்கான ஒரு பயன்பாடாகும்.\nமேலும் தகவலுக்கு பின்வருவனவற்றைப் பார்க்கவும் {0}பயன்பாட்டின் வலைத்தளம்{1}.",
        "anya_nirdesh": "மெய்யெழுத்துக் கொத்துக்களைப் பிரிக்க .q (பூஜ்ஜிய அகல இணைப்பி) பயன்படுத்தவும்.",
        "download_link": "லிபி லேகிகாவைப் பதிவிறக்கவும்",
        "home_link": "லிபி லேகிகாவின் முகப்பு பக்கத்திற்குச் செல்லவும்",
        "no_prvrtn": "ஒலிபெயர்ப்பைத் தடுக்க #^ மற்றும் ^# க்கு இடையில் எழுதவும்.",
        "parivartak": "லிபி பரிவர்த்தக்",
        "sahayika_text": "லேகான் சஹாயிகா",
        "show_lic": "உரிமத்தை காண்பி",
        "show_table": "பயன்பாட்டு அட்டவணையை காண்",
        "source_link": "வெய்வ் லிபி லேகிகாவின் மூல குறியீடு",
        "script_set": "தட்டச்சு மொழியை அமை",
        "defal_msg": "இயல்புநிலை விருப்பங்களை அமை",
        "setting": "கதிரவனின் அடைவு",
        "issue": "ஒரு சிக்கலைப் புகாரளிக்கவும்"
    },
    "others": {
        "convert": "சமயம் மாறியவர்",
        "page_title": "லிபி லேகிகா ஆன்லைன் | முழு வேகம் மற்றும் துல்லியத்துடன் இந்திய மொழிகளைத் தட்டச்சு செய்க",
        "title_lang": "{0} - லிபி லேகிகா | மாதிப் படிவம் {0} முழு வேகம் மற்றும் துல்லியத்துடன்",
        "title_convert": "{0} - லிபி பரிவர்த்தக் | லிபி லேகிகா | இந்திய ஸ்கிரிப்ட்களை மாற்றவும்",
        "place": "உரையை இங்கே தட்டச்சு செய்க {0}",
        "from": "{0} இருந்து {1}"
    },
    "scripts": {
        "Assamese": "அசாமிய",
        "Bengali": "பெங்காலி",
        "Brahmi": "பிராமி",
        "Devanagari": "தேவநாகரி",
        "Purna-Devanagari": "பூர்ண தேவநாகரி",
        "Granth": "கிரந்த்",
        "Gujarati": "குஜராத்தி",
        "Hindi": "இந்தி",
        "Kannada": "கன்னடா",
        "Konkani": "கொங்கணி",
        "Malayalam": "மலையாளம்",
        "Marathi": "மராத்தி",
        "Modi": "மோடி",
        "Nepali": "நேபாளி",
        "Normal": "இயல்பான நிலை",
        "Odia": "ஒரியா",
        "Kashmiri": "காஷ்மீரி",
        "Sindhi": "சிந்தி",
        "Punjabi": "பஞ்சாபி",
        "Romanized": "ரோமனைஸ் செய்யப்பட்டது",
        "Sanskrit": "சமஸ்கிருதம்",
        "Sharada": "சாரதா",
        "Siddham": "சித்தம்",
        "Sinhala": "சிங்களம்",
        "Tamil": "தமிழ்",
        "Tamil-Extended": "தமிழ் நீட்சி",
        "Telugu": "தெலுங்கு",
        "Urdu": "உருது",
        "Vedic": "வேத சின்னங்கள்"
    },
    "title": {
        "app_lang": "லிபி லேகிகாவின் பயனர் இடைமுக மொழியை அமைக்கவும்",
        "back": "முகப்பு பக்கத்திற்கு செல்",
        "close_img": "அடைப்பு",
        "cpy_btn": "உரையை நகலெடு",
        "en-in": "ஆங்கிலம்",
        "hi-in": "இந்தி",
        "bn-in": "பெங்காலி",
        "sa-in": "சமஸ்கிருதம்",
        "kn-in": "கன்னடா",
        "ta-in": "தமிழ்",
        "te-in": "தெலுங்கு",
        "ml-in": "மலையாளம்",
        "gu-in": "குஜராத்தி",
        "mr-in": "மராத்தி",
        "ur-in": "உருது",
        "pa-in": "பஞ்சாபி",
        "or-in": "ஒடியா",
        "as-in": "அசாமிய",
        "hide_warning": "எச்சரிக்கையை மறை",
        "image": "பயன்பாட்டு அட்டவணை",
        "imgoff": "இயக்கு",
        "imgoff1": "லேகான் சஹாயிகாவை ஆன் செய்",
        "imgon": "அணைத்திடு",
        "imgon1": "லேகான் சஹாயிகாவை அணைக்கவும்",
        "imgonlipi": "லிபி லேகிகாவை ஆன் செய்",
        "imgofflipi": "லிபி லேகிகாவை அணைக்கவும்",
        "lekhan_sahayika": "தட்டச்சு உதவியாளர்",
        "mukhya_lekhan": "முழு வேகம் மற்றும் துல்லியத்துடன் லிபி லேகிகா வகை இந்திய மொழிகள்",
        "parivartak": "ஸ்கிரிப்ட் மாற்றி",
        "sa_0": "சமஸ்கிருத பயன்முறை ஆஃப்",
        "sa_1": "சமஸ்கிருத பயன்முறை இதில்",
        "typ_lang": "தட்டச்சு மொழியைத் தேர்ந்தெடு",
        "usage_btnm": "லிபி லேகிகா பயன்பாட்டு வழிமுறைகள்",
        "redirect_msg": "இந்தப் பக்கத்தின் மேலும் ஒதுக்கீட்டுப் பதிப்பிற்குச் செல்லவும்",
        "setting": "லிபி லேகிக்கின் இயல்புநிலை விருப்பங்களை அமைக்கவும்",
        "anuvadak": "Google Translate பயன்படுத்தி மொழிபெயர்க்கவும்",
        "git": "Github இல் லிபி லேகிகாவின் மூல குறியீட்டைக் காண்க",
        "menu": "லிபி லேகிகாவின் ஆப் மெனு",
        "img_download": "பயன்பாட்டு அட்டவணை படிமத்தைப் பதிவிறக்கு"
    }
}