{
    "lekhAH": {
        "about_msg": "లిపి లేఖికా గురించి",
        "about_text": "పూర్తి వేగం మరియు ఖచ్చితత్త్వంతో భారతీయ భాషలను టైప్ చేయడానికి ఇది ఒక అప్లికేషన్.\nమరింత సమాచారం కొరకు వీటిని రిఫర్ చేయండి {0}యాప్ యొక్క వెబ్ సైట్{1}.",
        "anya_nirdesh": "హల్లు క్లస్టర్ లను వేరు చేయడం కొరకు .q (జీరో వెడల్పు జాయినర్) ఉపయోగించండి.",
        "download_link": "లిపి లేఖికను డౌన్ లోడ్ చేసుకోండి",
        "home_link": "లిపి లేఖికా యొక్క హోమ్ పేజీకి వెళ్లండి",
        "no_prvrtn": "లిప్యంతరీకరణను నిరోధించడం కొరకు #^ మరియు ^# మధ్య రాయండి.",
        "parivartak": "లిపి పరివర్తక్",
        "sahayika_text": "లేఖన్ సహాయికా",
        "show_lic": "లైసెన్స్ చూపు",
        "show_table": "వినియోగ పట్టికను వీక్షించండి",
        "source_link": "వీవ్ లిపి లేఖికా యొక్క సోర్స్ కోడ్",
        "script_set": "టైపింగ్ లాంగ్వేజ్ సెట్ చేయి",
        "defal_msg": "స్వయంసిద్ధ ఐచ్ఛికాలను అమర్చు",
        "setting": "సెట్టింగ్",
        "issue": "ఒక సమస్యను నివేదించండి"
    },
    "others": {
        "convert": "కన్వర్ట్",
        "page_title": "లిపి లేఖికా ఆన్లైన్ | పూర్తి వేగం మరియు ఖచ్చితత్త్వంతో భారతీయ భాషలను టైప్ చేయండి",
        "title_lang": "{0} - లిపి లేఖికా | రకం {0} పూర్తి వేగం మరియు ఖచ్చితత్త్వంతో",
        "title_convert": "{0} - లిపి పరివర్తక్ | లిపి లేఖికా | ఇండియన్ స్క్రిప్ట్ లను కన్వర్ట్ చేయండి",
        "place": "పాఠాన్ని ఇక్కడ టైప్ చేయండి {0}",
        "from": "{0} నుండి {1}"
    },
    "scripts": {
        "Assamese": "అస్సామీ",
        "Bengali": "బెంగాలీ",
        "Brahmi": "బ్రాహ్మీ",
        "Devanagari": "దేవనాగరి",
        "Purna-Devanagari": "పూర్ణ దేవనాగరి",
        "Granth": "గ్రంథ్",
        "Gujarati": "గుజరాతీ",
        "Hindi": "హిందీ",
        "Kannada": "కన్నడ",
        "Konkani": "కొంకణి",
        "Malayalam": "మలయాళం",
        "Marathi": "మరాఠీ",
        "Modi": "మోదీ",
        "Nepali": "నేపాలీ",
        "Normal": "సాధారణం",
        "Odia": "ఒరియా",
        "Kashmiri": "కాశ్మీరీ",
        "Sindhi": "సింధీ",
        "Punjabi": "పంజాబీ",
        "Romanized": "రోమనైజ్డ్",
        "Sanskrit": "సంస్కృతం",
        "Sharada": "శారద",
        "Siddham": "సిద్ధం",
        "Sinhala": "సింహళ",
        "Tamil": "తమిళం",
        "Tamil-Extended": "తమిళ ఎక్స్ టెండెడ్",
        "Telugu": "తెలుగు",
        "Urdu": "ఉర్దూ",
        "Vedic": "వైదిక చిహ్నాలు"
    },
    "title": {
        "app_lang": "లిపి లేఖికా యొక్క యూజర్ ఇంటర్ ఫేస్ లాంగ్వేజ్ సెట్ చేయండి",
        "back": "హోమ్ పేజీకి వెళ్లండి",
        "close_img": "దగ్గర",
        "cpy_btn": "పాఠాన్ని కాపీ చేయి",
        "en-in": "ఇంగ్లీష్",
        "hi-in": "హిందీ",
        "bn-in": "బెంగాలీ",
        "sa-in": "సంస్కృతం",
        "kn-in": "కన్నడ",
        "ta-in": "తమిళం",
        "te-in": "తెలుగు",
        "ml-in": "మలయాళం",
        "gu-in": "గుజరాతీ",
        "mr-in": "మరాఠీ",
        "ur-in": "ఉర్దూ",
        "pa-in": "పంజాబీ",
        "or-in": "ఒడియా",
        "as-in": "అస్సామీ",
        "hide_warning": "హెచ్చరికను దాచిపెట్టు",
        "image": "వినియోగ పట్టిక",
        "imgoff": "ఆన్ చేయి",
        "imgoff1": "లేఖన్ సహాయికను ఆన్ చేయండి",
        "imgon": "ఆపివేయండి",
        "imgon1": "లేఖన్ సహాయికను ఆఫ్ చేయండి",
        "imgonlipi": "లిపి లేఖికాను ఆన్ చేయండి",
        "imgofflipi": "లిపి లేఖికాను ఆఫ్ చేయండి",
        "lekhan_sahayika": "సహాయకుడిని టైప్ చేస్తోంది",
        "mukhya_lekhan": "పూర్తి వేగం మరియు ఖచ్చితత్త్వంతో లిపి లేఖికా టైప్ ఇండియన్ లాంగ్వేజెస్",
        "parivartak": "స్క్రిప్ట్ కన్వర్టర్",
        "sa_0": "సంస్కృత మోడ్ ఆఫ్",
        "sa_1": "సంస్కృత మోడ్ ఆన్",
        "typ_lang": "టైపింగ్ భాషను ఎంచుకోండి",
        "usage_btnm": "లిపి లేఖికా వినియోగ సూచనలు",
        "redirect_msg": "ఈ పేజీ యొక్క మరిన్ని అప్రోప్రియా వెర్షన్ కు వెళ్లండి",
        "setting": "లిపి లేఖిక్ యొక్క డిఫాల్ట్ ఐచ్ఛికాలను సెట్ చేయండి",
        "anuvadak": "Google అనువాదాన్ని ఉపయోగించి అనువదించండి",
        "git": "గితుబ్ పై లిపి లేఖికా యొక్క సోర్స్ కోడ్ ని వీక్షించండి",
        "menu": "లిపి లేఖికా యొక్క యాప్ మెనూ",
        "img_download": "వినియోగ పట్టిక చిత్రాన్ని డౌన్ లోడ్ చేయి"
    }
}