{
    "lekhAH": {
        "about_msg": "ಲಿಪಿ ಲೇಖಿಕಾ ಬಗ್ಗೆ",
        "about_text": "ಇದು ಪೂರ್ಣ ವೇಗ ಮತ್ತು ನಿಖರತೆಯೊಂದಿಗೆ ಭಾರತೀಯ ಭಾಷೆಗಳನ್ನು ಟೈಪ್ ಮಾಡುವ ಅಪ್ಲಿಕೇಶನ್ ಆಗಿದೆ.\nಹೆಚ್ಚಿನ ಮಾಹಿತಿಗಾಗಿ ಇವುಗಳನ್ನು ನೋಡಿ {0}ಅಪ್ಲಿಕೇಶನ್ ನ ವೆಬ್ ಸೈಟ್{1}.",
        "anya_nirdesh": "ವ್ಯಂಜನ ಕ್ಲಸ್ಟರ್ ಗಳನ್ನು ಬೇರ್ಪಡಿಸಲು .q (ಶೂನ್ಯ ಅಗಲ ಜಾಯಿನರ್) ಬಳಸಿ.",
        "download_link": "ಲಿಪಿ ಲೇಖಿಕಾ ಡೌನ್ಲೋಡ್ ಮಾಡಿ",
        "home_link": "ಲಿಪಿ ಲೇಖಿಕಾ ಅವರ ಮುಖಪುಟಕ್ಕೆ ಹೋಗಿ",
        "no_prvrtn": "ಲಿಪ್ಯಂತರವನ್ನು ತಡೆಗಟ್ಟಲು #^ ಮತ್ತು ^# ನಡುವೆ ಬರೆಯಿರಿ.",
        "parivartak": "ಲಿಪಿ ಪರಿವಾರಕ್",
        "sahayika_text": "ಲೇಖಾನ್ ಸಹಾಯ್ಕಾ",
        "show_lic": "ಪರವಾನಗಿ ತೋರಿಸು",
        "show_table": "ಬಳಕೆ ಟೇಬಲ್ ವೀಕ್ಷಿಸಿ",
        "source_link": "ವೀ ಲಿಪಿ ಲೆಖಿಕಾ ಅವರ ಸೋರ್ಸ್ ಕೋಡ್",
        "script_set": "ಟೈಪಿಂಗ್ ಭಾಷೆ ಸೆಟ್ ಮಾಡಿ",
        "defal_msg": "ಡೀಫಾಲ್ಟ್ ಆಯ್ಕೆಗಳನ್ನು ಹೊಂದಿಸಿ",
        "setting": "ಸೆಟ್ಟಿಂಗ್",
        "issue": "ಒಂದು ಸಮಸ್ಯೆಯನ್ನು ವರದಿ ಮಾಡಿ"
    },
    "others": {
        "convert": "ಪರಿವರ್ತಿಸು",
        "page_title": "ಲಿಪಿ ಲೆಖಿಕಾ ಆನ್ಲೈನ್ | ಪೂರ್ಣ ವೇಗ ಮತ್ತು ನಿಖರತೆಯೊಂದಿಗೆ ಭಾರತೀಯ ಭಾಷೆಗಳನ್ನು ಬೆರಳಚ್ಚಿಸಿ",
        "title_lang": "{0} - ಲಿಪಿ ಲೆಖಿಕಾ | ಪ್ರಕಾರ {0} ಪೂರ್ಣ ವೇಗ ಮತ್ತು ನಿಖರತೆಯೊಂದಿಗೆ",
        "title_convert": "{0} - ಲಿಪಿ ಪರಿವಾರಕ್ | ಲಿಪಿ ಲೇಖಿಕಾ | ಭಾರತೀಯ ಸ್ಕ್ರಿಪ್ಟ್ ಗಳನ್ನು ಪರಿವರ್ತಿಸಿ",
        "place": "ಪಠ್ಯವನ್ನು ಇಲ್ಲಿ ಬೆರಳಚ್ಚಿಸಿ {0}",
        "from": "{0}ನಿಂದ {1}"
    },
    "scripts": {
        "Assamese": "ಅಸ್ಸಾಮಿಗಳು",
        "Bengali": "ಬೆಂಗಾಳಿ",
        "Brahmi": "ಬ್ರಾಹ್ಮಿ",
        "Devanagari": "ದೇವನಾಗರಿ",
        "Purna-Devanagari": "ಪೂರ್ಣ ದೇವನಾಗರಿ",
        "Granth": "ಗ್ರಂಥ",
        "Gujarati": "ಗುಜರಾತಿ",
        "Hindi": "ಹಿಂದಿ",
        "Kannada": "ಕನ್ನಡ",
        "Konkani": "ಕೊಂಕಣಿ",
        "Malayalam": "ಮಲಯಾಳಂ",
        "Marathi": "ಮರಾಠಿ",
        "Modi": "ಮೋದಿ",
        "Nepali": "ನೇಪಾಳಿ",
        "Normal": "ಸಾಮಾನ್ಯ",
        "Odia": "ಒರಿಯಾ",
        "Kashmiri": "ಕಾಶ್ಮೀರಿ",
        "Sindhi": "ಸಿಂಧಿ",
        "Punjabi": "ಪಂಜಾಬಿ",
        "Romanized": "ರೊಮಾನೈಸ್ಡ್",
        "Sanskrit": "ಸಂಸ್ಕೃತ",
        "Sharada": "ಶಾರದಾ",
        "Siddham": "ಸಿದ್ಧಂ",
        "Sinhala": "ಸಿಂಹಳ",
        "Tamil": "ತಮಿಳು",
        "Tamil-Extended": "ವಿಸ್ತರಿಸಿದ ತಮಿಳು",
        "Telugu": "ತೆಲುಗು",
        "Urdu": "ಉರ್ದು",
        "Vedic": "ವೈದಿಕ ಸಂಕೇತಗಳು"
    },
    "title": {
        "app_lang": "ಲಿಪಿ ಲೆಖಿಕಾ ಅವರ ಬಳಕೆದಾರ ಇಂಟರ್ಫೇಸ್ ಭಾಷೆಯನ್ನು ಹೊಂದಿಸಿ",
        "back": "ಮುಖಪುಟಕ್ಕೆ ಹೋಗಿ",
        "close_img": "ಮುಚ್ಚು",
        "cpy_btn": "ಪಠ್ಯ ನಕಲು ಮಾಡಿ",
        "en-in": "ಆಂಗ್ಲ",
        "hi-in": "ಹಿಂದಿ",
        "bn-in": "ಬೆಂಗಾಳಿ",
        "sa-in": "ಸಂಸ್ಕೃತ",
        "kn-in": "ಕನ್ನಡ",
        "ta-in": "ತಮಿಳು",
        "te-in": "ತೆಲುಗು",
        "ml-in": "ಮಲಯಾಳಂ",
        "gu-in": "ಗುಜರಾತಿ",
        "mr-in": "ಮರಾಠಿ",
        "ur-in": "ಉರ್ದು",
        "pa-in": "ಪಂಜಾಬಿ",
        "or-in": "ಒಡಿಯಾ",
        "as-in": "ಅಸ್ಸಾಮಿಗಳು",
        "hide_warning": "ಎಚ್ಚರಿಕೆ ಮರೆ ಮಾಡಿ",
        "image": "ಬಳಕೆ ಟೇಬಲ್",
        "imgoff": "ಆನ್ ಮಾಡು",
        "imgoff1": "ಟರ್ನ್ ಲೇಖಾನ್ ಸಹಾಯ್ಕಾ ಆನ್",
        "imgon": "ಆರಿಸು",
        "imgon1": "ಲೇಖಾನ್ ಸಹಾಯಿಕಾ ಆಫ್ ಮಾಡು",
        "imgonlipi": "ಟರ್ನ್ ಲಿಪಿ ಲೇಖಿಕಾ ಆನ್",
        "imgofflipi": "ಲಿಪಿ ಲೇಖಿಕಾ ಆಫ್ ಮಾಡಿ",
        "lekhan_sahayika": "ಬೆರಳಚ್ಚಿಸುವ ಸಹಾಯಕ",
        "mukhya_lekhan": "ಪೂರ್ಣ ವೇಗ ಮತ್ತು ನಿಖರತೆಯೊಂದಿಗೆ ಲಿಪಿ ಲೆಖಿಕಾ ಟೈಪ್ ಭಾರತೀಯ ಭಾಷೆಗಳು",
        "parivartak": "ಸ್ಕ್ರಿಪ್ಟ್ ಪರಿವರ್ತಕ",
        "sa_0": "ಸಂಸ್ಕೃತ ಮೋಡ್ ಆಫ್",
        "sa_1": "ಸಂಸ್ಕೃತ ಮೋಡ್ ಆನ್",
        "typ_lang": "ಬೆರಳಚ್ಚಿಸುವ ಭಾಷೆಯನ್ನು ಆಯ್ಕೆಮಾಡಿ",
        "usage_btnm": "ಲಿಪಿ ಲೇಖಿಕಾ ಬಳಕೆಯ ಸೂಚನೆಗಳು",
        "redirect_msg": "ಈ ಪುಟದ ಇನ್ನಷ್ಟು ಅಪ್ರೋಪ್ರಿಯಾ ಆವೃತ್ತಿಗೆ ಹೋಗಿ",
        "setting": "ಲಿಪಿ ಲೆಖಿಕ್ ನ ಡೀಫಾಲ್ಟ್ ಆಯ್ಕೆಗಳನ್ನು ಹೊಂದಿಸಿ",
        "anuvadak": "Google Translate ಬಳಸಿ ಭಾಷಾಂತರಿಸಿ",
        "git": "ಗಿಥಬ್ ನಲ್ಲಿ ಲಿಪಿ ಲೆಖಿಕಾ ಅವರ ಮೂಲ ಕೋಡ್ ಅನ್ನು ವೀಕ್ಷಿಸಿ",
        "menu": "ಲಿಪಿ ಲೇಖಿಕಾ ಅವರ ಆಪ್ ಮೆನು",
        "img_download": "ಬಳಕೆ ಟೇಬಲ್ ಇಮೇಜ್ ಡೌನ್ ಲೋಡ್ ಮಾಡು"
    }
}