{
    "lekhAH": {
        "about_msg": "ലിപി ലേഖികയെ കുറിച്ച്",
        "about_text": "പൂർണ്ണ വേഗതയോടും കൃത്യതയോടും കൂടി ഇന്ത്യൻ ഭാഷകൾ ടൈപ്പ് ചെയ്യുന്നതിനുള്ള ആപ്ലിക്കേഷനാണിത്.\nകൂടുതൽ വിവരങ്ങൾക്ക് ഇനിപ്പറയുന്നത് കാണുക {0}ആപ്പിന്റെ വെബ്സൈറ്റ്{1}.",
        "anya_nirdesh": "വ്യഞ്ജന ക്ലസ്റ്ററുകളെ വേർതിരിക്കുന്നതിന് .q (പൂജ്യം വീതി ജോയിനർ) ഉപയോഗിക്കുക.",
        "download_link": "ലിപി ലേഖിക ഡൌണ് ലോഡ് ചെയ്യുക",
        "home_link": "ലിപി ലേഖികയുടെ ഹോം പേജിലേക്ക് പോകുക",
        "no_prvrtn": "ട്രാൻസ്ലിറ്ററേഷൻ തടയുന്നതിന് #^ നും ^# നും ഇടയിൽ എഴുതുക.",
        "parivartak": "ലിപി പരിവാർതക്",
        "sahayika_text": "ലേഖാൻ സഹായിക",
        "show_lic": "ലൈസൻസ് കാണിക്കുക",
        "show_table": "ഉപയോഗ പട്ടിക കാണുക",
        "source_link": "വീവ് ലിപി ലേഖികയുടെ സോഴ്സ് കോഡ്",
        "script_set": "ടൈപ്പിംഗ് ഭാഷ സജ്ജമാക്കുക",
        "defal_msg": "സഹജമായ ഐച്ഛികങ്ങള് സജ്ജമാക്കുക",
        "setting": "ക്രമീകരണം",
        "issue": "ഒരു പ്രശ്നം റിപ്പോർട്ട് ചെയ്യുക"
    },
    "others": {
        "convert": "പരിവർത്തനം ചെയ്യുക",
        "page_title": "ലിപി ലേഖിക ഓൺലൈൻ | പൂർണ്ണ വേഗതയും കൃത്യതയും ഉപയോഗിച്ച് ഇന്ത്യൻ ഭാഷകൾ ടൈപ്പ് ചെയ്യുക",
        "title_lang": "{0} - ലിപി ലേഖിക | തരം {0} പൂർണ്ണ വേഗതയും കൃത്യതയും ഉപയോഗിച്ച്",
        "title_convert": "{0} - ലിപി പരിവർത്തക് | ലിപി ലേഖിക | ഇന്ത്യൻ സ്ക്രിപ്റ്റുകൾ പരിവർത്തനം ചെയ്യുക",
        "place": "പദാവലി ഇവിടെ ടൈപ്പ് ചെയ്യുക {0}",
        "from": "{0} മുതൽ {1}"
    },
    "scripts": {
        "Assamese": "അസമീസ്",
        "Bengali": "ബംഗാളി",
        "Brahmi": "ബ്രഹ്മി",
        "Devanagari": "ദേവനാഗരി",
        "Purna-Devanagari": "പൂർണ ദേവനാഗരി",
        "Granth": "ഗ്രന്ഥ്",
        "Gujarati": "ഗുജറാത്തി",
        "Hindi": "ഹിന്ദി",
        "Kannada": "കന്നഡ",
        "Konkani": "കൊങ്കണി",
        "Malayalam": "മലയാളം",
        "Marathi": "മറാഠി",
        "Modi": "മോദി",
        "Nepali": "നേപ്പാളി",
        "Normal": "സാധാരണ",
        "Odia": "ഒറിയ",
        "Kashmiri": "കശ്മീരി",
        "Sindhi": "സിന്ധി",
        "Punjabi": "പഞ്ചാബി",
        "Romanized": "റോമനൈസ്ഡ്",
        "Sanskrit": "സംസ്കൃതം",
        "Sharada": "ശാരദ",
        "Siddham": "സിദ്ധം",
        "Sinhala": "സിംഹള",
        "Tamil": "തമിഴ്",
        "Tamil-Extended": "തമിഴ് വിപുലീകരിച്ചു",
        "Telugu": "തെലുങ്ക്",
        "Urdu": "ഉറുദു",
        "Vedic": "വേദ ചിഹ്നങ്ങൾ"
    },
    "title": {
        "app_lang": "ലിപി ലേഖികയുടെ ഉപയോക്തൃ ഇന്റർഫേസ് ഭാഷ സജ്ജമാക്കുക",
        "back": "ഹോം പേജിലേക്ക് പോകുക",
        "close_img": "അടയ്ക്കുക",
        "cpy_btn": "പദാവലി പകർത്തുക",
        "en-in": "ഇംഗ്ലീഷ്",
        "hi-in": "ഹിന്ദി",
        "bn-in": "ബംഗാളി",
        "sa-in": "സംസ്കൃതം",
        "kn-in": "കന്നഡ",
        "ta-in": "തമിഴ്",
        "te-in": "തെലുങ്ക്",
        "ml-in": "മലയാളം",
        "gu-in": "ഗുജറാത്തി",
        "mr-in": "മറാഠി",
        "ur-in": "ഉറുദു",
        "pa-in": "പഞ്ചാബി",
        "or-in": "ഒഡിയ",
        "as-in": "അസമീസ്",
        "hide_warning": "മുന്നറിയിപ്പ് മറയ്ക്കുക",
        "image": "ഉപയോഗ പട്ടിക",
        "imgoff": "ഓണാക്കുക",
        "imgoff1": "ലേഖൻ സഹായിക ഓണാക്കുക",
        "imgon": "ഓഫ് ആക്ക്",
        "imgon1": "ലേഖൻ സഹായിക ഓഫ് ചെയ്യുക",
        "imgonlipi": "ലിപി ലേഖിക ഓണാക്കുക",
        "imgofflipi": "ലിപി ലേഖിക ഓഫ് ചെയ്യുക",
        "lekhan_sahayika": "സഹായി ടൈപ്പ് ചെയ്യുന്നു",
        "mukhya_lekhan": "ലിപി ലേഖിക ടൈപ്പ് ഇന്ത്യൻ ഭാഷകൾ പൂർണ്ണ വേഗതയും കൃത്യതയും",
        "parivartak": "സ്ക്രിപ്റ്റ് കൺവെർട്ടർ",
        "sa_0": "സംസ്കൃത മോഡ് ഓഫ് ചെയ്യുക",
        "sa_1": "സംസ്കൃത മോഡ് ഓൺ",
        "typ_lang": "ടൈപ്പിംഗ് ഭാഷ തിരഞ്ഞെടുക്കുക",
        "usage_btnm": "ലിപി ലേഖിക ഉപയോഗ നിർദ്ദേശങ്ങൾ",
        "redirect_msg": "ഈ പേജിന്റെ കൂടുതൽ Appropriae പതിപ്പിലേക്ക് പോകുക",
        "setting": "ലിപി ലെഖിക്കിന്റെ സഹജമായ ഐച്ഛികങ്ങൾ സജ്ജമാക്കുക",
        "anuvadak": "Google പരിഭാഷപ്പെടുത്തുക ഉപയോഗിച്ച് പരിഭാഷപ്പെടുത്തുക",
        "git": "ഗിത്തബിനെക്കുറിച്ചുള്ള ലിപി ലേഖികയുടെ സോഴ്സ് കോഡ് കാണുക",
        "menu": "ലിപി ലേഖികയുടെ ആപ്പ് മെനു",
        "img_download": "ഉപയോഗ പട്ടിക ഇമേജ് ഡൌൺലോഡ് ചെയ്യുക"
    }
}