{
    "range": [
        [2432, 2559]
    ],
    "sa": 0,
    "a": {
        "a": ["অ", "", "aiu", 0],
        "ai": ["ঐ", "ৈ", "", 0],
        "au": ["ঔ", "ৌ", "", 0],
        "aa": ["আ", "া", "", 0]
    },
    "A": {
        "A": ["আ", "া", "U", 0],
        "AU": ["আঊ", "M", 2],
        "AUM": ["ওঁ", "12", 2],
        "AUM1": ["ॐ", "", 2],
        "AUM2": ["卐", "", 2]
    },
    "i": {
        "i": ["ই", "ি", "i", 0],
        "ii": ["ঈ", "ী", "", 0]
    },
    "I": {
        "I": ["ঈ", "ী", "", 0]
    },
    "u": {
        "u": ["উ", "ু", "u", 0],
        "uu": ["ঊ", "ূ", "", 0]
    },
    "U": {
        "U": ["ঊ", "ূ", "", 0]
    },
    "e": {
        "e": ["এ", "ে", "e1", 0],
        "ee": ["ঈ", "ী", "", 0],
        "e1": ["ঐ", "ৈ", "", 0]
    },
    "o": {
        "o": ["ও", "ো", "o1", 0],
        "oo": ["ঊ", "ূ", "", 0],
        "o1": ["ঔ", "ৌ", "", 0]
    },
    "R": {
        "R": ["ঋ", "ৃ", "R", 0],
        "RR": ["ৠ", "ৄ", "", 0]
    },
    "k": {
        "k": ["ক", "hz", 1],
        "kh": ["খ", "z", 1],
        "kz": ["ক়", "", 1],
        "khz": ["খ়", "", 1]
    },
    "g": {
        "g": ["গ", "hz", 1],
        "gh": ["ঘ", "", 1],
        "gz": ["গ়", "", 1]
    },
    "G": {
        "G": ["ঙ", "1", 1],
        "G1": ["ং", "", 2]
    },
    "c": {
        "c": ["c", "h", 2],
        "ch": ["চ", "hz", 1],
        "chh": ["ছ", "z", 1],
        "chz": ["চ়", "", 1],
        "chhz": ["ছ়", "", 1]
    },
    "C": {
        "C": ["চ", "hz", 1],
        "Ch": ["ছ", "z", 1],
        "Cz": ["চ়", "", 1],
        "Chz": ["ছ়", "", 1]
    },
    "j": {
        "j": ["জ", "hz", 1],
        "jh": ["ঝ", "", 1],
        "jz": ["জ়", "", 1]
    },
    "J": {
        "J": ["ঞ", "1", 1],
        "J1": ["ং", "", 2]
    },
    "Y": {
        "Y": ["ঞ", "1", 1],
        "Y1": ["ং", "", 2]
    },
    "T": {
        "T": ["ট", "h", 1],
        "Th": ["ঠ", "", 1]
    },
    "D": {
        "D": ["ড", "hz", 1],
        "Dz": ["ড়", "", 1],
        "Dh": ["ঢ", "z", 1],
        "Dhz": ["ঢ়", "", 1]
    },
    "N": {
        "N": ["ণ", "1", 1],
        "N1": ["ং", "", 2]
    },
    "t": {
        "t": ["ত", "h11", 1],
        "th": ["থ", "1", 1],
        "t1": ["ট", "", 1],
        "th1": ["ঠ", "", 1]
    },
    "d": {
        "d": ["দ", "h12", 1],
        "dh": ["ধ", "12", 1],
        "d1": ["ড", "", 1],
        "dh1": ["ঢ", "", 1],
        "d2": ["ড়", "", 1],
        "dh2": ["ঢ়", "", 1]
    },
    "n": {
        "n": ["ন", "1234z", 1],
        "n1": ["ং", "", 2],
        "n2": ["ণ", "", 1],
        "n3": ["ঙ", "", 1],
        "n4": ["ঞ", "", 1],
        "nz": ["ন়", "", 1]
    },
    "p": {
        "p": ["প", "h", 1],
        "ph": ["ফ", "z", 1],
        "phz": ["ফ়", "", 1]
    },
    "f": {
        "f": ["ফ", "z", 1],
        "fz": ["ফ়", "", 1]
    },
    "b": {
        "b": ["ব", "h", 1],
        "bh": ["ভ", "", 1]
    },
    "m": {
        "m": ["ম", "1", 1],
        "m1": ["ং", "m", 2],
        "m1m": ["ঁ", "", 2]
    },
    "x": {
        "x": ["ক্ষ", "", 1]
    },
    "y": {
        "y": ["য", "z", 1],
        "yz": ["য়", "", 1]
    },
    "r": {
        "r": ["র", "1z3", 1],
        "r1": ["ড়", "h", 1],
        "r1h": ["ঢ়", "", 1],
        "rz": ["র়", "", 1],
        "r3": ["ঋ", "ৃ", "r", 0],
        "r3r": ["ৠ", "ৄ", "", 0]
    },
    "l": {
        "l": ["ল", "", 1]
    },
    "L": {
        "L": ["ল়", "R", 1],
        "LR": ["ঌ", "ৢ", "R", 0],
        "LRR": ["ৡ", "ৣ", "", 0]
    },
    "v": {
        "v": ["ব", "", 1]
    },
    "w": {
        "w": ["ব", "", 1]
    },
    "h": {
        "h": ["হ", "1", 1],
        "h1": ["ঃ", "", 2]
    },
    "s": {
        "s": ["স", "h", 1],
        "sh": ["শ", "h", 1],
        "shh": ["ষ", "", 1]
    },
    "S": {
        "S": ["S", "hW", 2],
        "Sh": ["ষ", "", 1],
        "SW": ["SW", "S", 2],
        "SWS": ["卐", "", 2]
    },
    "z": {
        "z": ["জ়", "", 1]
    },
    "M": {
        "M": ["ং", "M1", 2],
        "MM": ["ঁ", "", 2],
        "M1": ["ঁ", "", 2]
    },
    "H": {
        "H": ["ঃ", "", 2]
    },
    "Q": {
        "Q": ["॰", "Q", 2],
        "QQ": ["ঽ", "", 2]
    },
    "'": {
        "'": ["'", "'", 2],
        "''": ["ঽ", "", 2]
    },
    "$": {
        "$": ["$", "$", 2],
        "$$": ["₹", "", 2]
    },
    "q": {
        "q": ["q", "q", 2],
        "qq": ["্", "", 2]
    },
    ".": {
        ".": ["।", "x.1234567890zaAiIuUeoRLqn", 2],
        "..": ["॥", "", 2],
        ".z": ["়", "", 2],
        ".0": ["০", "", 2],
        ".1": ["১", "", 2],
        ".2": ["২", "", 2],
        ".3": ["৩", "", 2],
        ".4": ["৪", "", 2],
        ".5": ["৫", "", 2],
        ".6": ["৬", "", 2],
        ".7": ["৭", "", 2],
        ".8": ["৮", "", 2],
        ".9": ["৯", "", 2],
        ".a": ["", "aiu", 2],
        ".i": ["ি", "i", 2],
        ".u": ["ু", "u", 2],
        ".e": ["ে", "e", 2],
        ".o": ["ো", "o", 2],
        ".L": [".L", "R", 2],
        ".LR": ["ৢ", "R", 2],
        ".R": ["ৃ", "R", 2],
        ".q": ["‌", "", 2],
        ".n": [".n", "234", 2],
        ".n2": ["²", "", 2],
        ".n3": ["³", "", 2],
        ".n4": ["⁴", "", 2],
        ".A": ["া", "", 2],
        ".aa": ["া", "", 2],
        ".I": ["ী", "", 2],
        ".ii": ["ী", "", 2],
        ".ee": ["ী", "", 2],
        ".U": ["ূ", "", 2],
        ".uu": ["ূ", "", 2],
        ".oo": ["ূ", "", 2],
        ".ai": ["ৈ", "", 2],
        ".au": ["ৌ", "", 2],
        ".RR": ["ৄ", "", 2],
        ".LRR": ["ৣ", "", 2],
        ".x": ["্", "", 2]
    },
    "#": {
        "#": ["#", "as", 2],
        "#a": ["#a", "n", 2],
        "#an": ["॒", "1", 2],
        "#s": ["॑", "s1", 2],
        "#ss": ["᳚", "s1", 2],
        "#sss": ["᳛", "1", 2],
        "#an1": ["↓", "", 2],
        "#s1": ["↑", "", 2],
        "#ss1": ["↑↑", "", 2],
        "#sss1": ["↑↑↑", "", 2]
    },
    "antar": {
        "ॐ": ["AUM", 2],
        "॑": ["#s", 2],
        "॒": ["#an", 2],
        "।": [".", 2],
        "॥": ["..", 2],
        "॰": ["Q", 2],
        "ঁ": ["MM", 2],
        "ং": ["M", 2],
        "ঃ": ["H", 2],
        "অ": ["a", 2],
        "আ": ["A", 2],
        "ই": ["i", 2],
        "ঈ": ["I", 2],
        "উ": ["u", 2],
        "ঊ": ["U", 2],
        "ঋ": ["R", 2],
        "ঌ": ["LR", 2],
        "এ": ["e", 2],
        "ঐ": ["ai", 2],
        "ও": ["o", 2, "ঁ"],
        "ওঁ": ["AUM", 2],
        "ঔ": ["au", 2],
        "ক": ["k", 1, "়"],
        "ক়": ["kz", 1],
        "খ": ["kh", 1, "়"],
        "খ়": ["khz", 1],
        "গ": ["g", 1, "়"],
        "গ়": ["gz", 1],
        "ঘ": ["gh", 1],
        "ঙ": ["G", 1],
        "চ": ["ch", 1, "়"],
        "চ়": ["Cz", 1],
        "ছ": ["chh", 1, "়"],
        "ছ়": ["Chz", 1],
        "জ": ["j", 1, "়"],
        "জ়": ["jz", 1],
        "ঝ": ["jh", 1],
        "ঞ": ["Y", 1],
        "ট": ["t", 1],
        "ঠ": ["Th", 1],
        "ড": ["D", 1, "়"],
        "ড়": ["Dz", 1, "", 78],
        "ঢ": ["Dh", 1, "়"],
        "ঢ়": ["Dhz", 1, "", 81],
        "ণ": ["N", 1],
        "ত": ["t", 1],
        "থ": ["th", 1],
        "দ": ["d", 1],
        "ধ": ["dh", 1],
        "ন": ["n", 1, "়"],
        "ন়": ["nz", 1],
        "প": ["p", 1],
        "ফ": ["ph", 1, "়"],
        "ফ়": ["phz", 1],
        "ব": ["b", 1],
        "ভ": ["bh", 1],
        "ম": ["m", 1],
        "য": ["y", 1, "়"],
        "য়": ["yz", 1, "", 91],
        "র": ["r", 1, "়"],
        "র়": ["rz", 1],
        "ল": ["l", 1, "়"],
        "ল়": ["L", 1],
        "শ": ["sh", 1],
        "ষ": ["Sh", 1],
        "স": ["s", 1],
        "হ": ["h", 1],
        "়": [".z", 2],
        "ঽ": ["''", 2],
        "া": ["A", 0],
        "ি": ["i", 0],
        "ী": ["I", 0],
        "ু": ["u", 0],
        "ূ": ["U", 0],
        "ৃ": ["R", 0],
        "ৄ": ["RR", 0],
        "ে": ["e", 0, "ৗা"],
        "ো": ["o", 0, "", 29],
        "ৌ": ["au", 0, "", 33],
        "ৈ": ["ai", 0],
        "ো": ["o", 0],
        "ৌ": ["au", 0],
        "্": ["", 2],
        "ড়": ["Dz", 1],
        "ঢ়": ["Dhz", 1],
        "য়": ["yz", 1],
        "ৠ": ["RR", 2],
        "ৡ": ["LRR", 2],
        "ৢ": ["LR", 0],
        "ৣ": ["LRR", 0],
        "০": [".0", 2],
        "১": [".1", 2],
        "২": [".2", 2],
        "৩": [".3", 2],
        "৪": [".4", 2],
        "৫": [".5", 2],
        "৬": [".6", 2],
        "৭": [".7", 2],
        "৮": [".8", 2],
        "৯": [".9", 2],
        "᳚": ["#ss", 2],
        "᳛": ["#sss", 2],
        "₹": ["$$", 2],
        "↑": ["#s", 2, "↑"],
        "↑↑": ["#ss", 2, "↑"],
        "↑↑↑": ["#sss", 2],
        "↓": ["#an", 2]
    },
    "kram": [
        "ওঁ",
        "অ",
        "অ",
        1,
        "আ",
        "া",
        "আ",
        "া",
        "ই",
        "ি",
        "ঈ",
        "ী",
        "উ",
        "ু",
        "উ",
        "ু",
        "ঊ",
        "ূ",
        "ঊ",
        "ূ",
        "এ",
        "ে",
        "এ",
        "ে",
        "ঐ",
        "ৈ",
        "ঐ",
        "ৈ",
        "ও",
        "ো",
        "ও",
        "ো",
        "ঔ",
        "ৌ",
        "ঔ",
        "ৌ",
        "ঋ",
        "ৃ",
        "ৠ",
        "ৄ",
        "ঌ",
        "ৢ",
        "ৡ",
        "ৣ",
        "ং",
        "ঁ",
        "ঃ",
        "ঽ",
        "্",
        "়",
        "॰",
        "ক",
        "ক়",
        "খ",
        "খ়",
        "গ",
        "গ়",
        "গ",
        "ঘ",
        "ঙ",
        "চ",
        "চ",
        "ছ",
        "ছ",
        "জ",
        "জ়",
        "জ",
        "ঝ",
        "ঞ",
        "ত",
        "থ",
        "দ",
        "ধ",
        "ন",
        "ন়",
        "ট",
        "ঠ",
        "ড",
        "ড়",
        "ড",
        "ঢ",
        "ঢ়",
        "ণ",
        "প",
        "ফ",
        "ফ়",
        "ব",
        "ব",
        "ভ",
        "ম",
        "য",
        "য়",
        "ব",
        "র",
        "র়",
        "ল",
        "ল়",
        "ল়",
        "হ",
        "স",
        "শ",
        "ষ",
        "॒",
        "॑",
        "᳚",
        "᳛",
        "০",
        "১",
        "২",
        "৩",
        "৪",
        "৫",
        "৬",
        "৭",
        "৮",
        "৯"
    ]
}