{
    "range": [
        [69632, 69759]
    ],
    "sa": 1,
    "a": {
        "a": ["𑀅", "", "aiu", 0],
        "ai": ["𑀐", "𑁃", "", 0],
        "au": ["𑀒", "𑁅", "", 0],
        "aa": ["𑀆", "𑀸", "", 0]
    },
    "A": {
        "A": ["𑀆", "𑀸", "U", 0],
        "AU": ["𑀆𑀊", "M", 2],
        "AUM": ["ॐ", "1", 2],
        "AUM1": ["卐", "", 2]
    },
    "i": {
        "i": ["𑀇", "𑀺", "i", 0],
        "ii": ["𑀈", "𑀻", "", 0]
    },
    "I": {
        "I": ["𑀈", "𑀻", "", 0]
    },
    "u": {
        "u": ["𑀉", "𑀼", "u", 0],
        "uu": ["𑀊", "𑀽", "", 0]
    },
    "U": {
        "U": ["𑀊", "𑀽", "", 0]
    },
    "e": {
        "e": ["𑀏", "𑁂", "e1", 0],
        "ee": ["𑀈", "𑀻", "", 0],
        "e1": ["𑀐", "𑁃", "", 0]
    },
    "o": {
        "o": ["𑀑", "𑁄", "o1", 0],
        "oo": ["𑀊", "𑀽", "", 0],
        "o1": ["𑀒", "𑁅", "", 0]
    },
    "R": {
        "R": ["𑀋", "𑀾", "R", 0],
        "RR": ["𑀌", "𑀿", "", 0]
    },
    "k": {
        "k": ["𑀓", "h", 1],
        "kh": ["𑀔", "", 1]
    },
    "g": {
        "g": ["𑀕", "h", 1],
        "gh": ["𑀖", "", 1]
    },
    "G": {
        "G": ["𑀗", "1", 1],
        "G1": ["𑀁", "", 2]
    },
    "c": {
        "c": ["c", "h", 2],
        "ch": ["𑀘", "h", 1],
        "chh": ["𑀙", "", 1]
    },
    "C": {
        "C": ["𑀘", "h", 1],
        "Ch": ["𑀙", "", 1]
    },
    "j": {
        "j": ["𑀚", "h", 1],
        "jh": ["𑀛", "", 1]
    },
    "J": {
        "J": ["𑀜", "1", 1],
        "J1": ["𑀁", "", 2]
    },
    "Y": {
        "Y": ["𑀜", "1", 1],
        "Y1": ["𑀁", "", 2]
    },
    "T": {
        "T": ["𑀝", "h", 1],
        "Th": ["𑀞", "", 1]
    },
    "D": {
        "D": ["𑀟", "h", 1],
        "Dh": ["𑀠", "", 1]
    },
    "N": {
        "N": ["𑀡", "1", 1],
        "N1": ["𑀁", "", 2]
    },
    "t": {
        "t": ["𑀢", "h1", 1],
        "th": ["𑀣", "1", 1],
        "t1": ["𑀝", "", 1],
        "th1": ["𑀞", "", 1]
    },
    "d": {
        "d": ["𑀤", "h1", 1],
        "dh": ["𑀥", "1", 1],
        "d1": ["𑀟", "", 1],
        "dh1": ["𑀠", "", 1]
    },
    "n": {
        "n": ["𑀦", "z1234", 1],
        "nz": ["𑀷", "", 1],
        "n1": ["𑀁", "", 2],
        "n2": ["𑀡", "", 1],
        "n3": ["𑀗", "", 1],
        "n4": ["𑀜", "", 1]
    },
    "p": {
        "p": ["𑀧", "h", 1],
        "ph": ["𑀨", "", 1]
    },
    "f": {
        "f": ["𑀨", "", 1]
    },
    "b": {
        "b": ["𑀩", "h", 1],
        "bh": ["𑀪", "", 1]
    },
    "m": {
        "m": ["𑀫", "1", 1],
        "m1": ["𑀁", "m", 2],
        "m1m": ["𑀀", "", 2]
    },
    "x": {
        "x": ["𑀓𑁆𑀱", "", 1]
    },
    "y": {
        "y": ["𑀬", "", 1]
    },
    "r": {
        "r": ["𑀭", "z3", 1],
        "rz": ["𑀶", "", 1],
        "r3": ["𑀋", "𑀾", "r", 0],
        "r3r": ["𑀌", "𑀿", "", 0]
    },
    "l": {
        "l": ["𑀮", "1", 1],
        "l1": ["𑀴", "", 1]
    },
    "L": {
        "L": ["𑀴", "Rz", 1],
        "LR": ["𑀍", "𑁀", "R", 0],
        "LRR": ["𑀎", "𑁁", "", 0],
        "Lz": ["𑀵", "", 1]
    },
    "v": {
        "v": ["𑀯", "", 1]
    },
    "w": {
        "w": ["𑀯", "", 1]
    },
    "h": {
        "h": ["𑀳", "1", 1],
        "h1": ["𑀂", "", 2]
    },
    "s": {
        "s": ["𑀲", "h", 1],
        "sh": ["𑀰", "h", 1],
        "shh": ["𑀱", "", 1]
    },
    "S": {
        "S": ["S", "hW", 2],
        "Sh": ["𑀱", "", 1],
        "SW": ["SW", "S", 2],
        "SWS": ["卐", "", 2]
    },
    "M": {
        "M": ["𑀁", "M1", 2],
        "MM": ["𑀀", "", 2],
        "M1": ["𑀀", "", 2]
    },
    "H": {
        "H": ["𑀂", "", 2]
    },
    "Q": {
        "Q": ["॰", "Q", 2],
        "QQ": ["ऽ", "", 2]
    },
    "'": {
        "'": ["'", "'", 2],
        "''": ["ऽ", "", 2]
    },
    "$": {
        "$": ["$", "$", 2],
        "$$": ["₹", "", 2]
    },
    "q": {
        "q": ["q", "q", 2],
        "qq": ["𑁆", "", 2]
    },
    ".": {
        ".": ["।", "x.1234567890aAiIuUeoRLqn", 2],
        "..": ["॥", "", 2],
        ".0": ["𑁦", "", 2],
        ".1": ["𑁧", "", 2],
        ".2": ["𑁨", "", 2],
        ".3": ["𑁩", "", 2],
        ".4": ["𑁪", "", 2],
        ".5": ["𑁫", "", 2],
        ".6": ["𑁬", "", 2],
        ".7": ["𑁭", "", 2],
        ".8": ["𑁮", "", 2],
        ".9": ["𑁯", "", 2],
        ".a": ["", "aiu", 2],
        ".A": ["𑀸", "1", 2],
        ".A1": ["𑀹", "", 2],
        ".i": ["𑀺", "i", 2],
        ".u": ["𑀼", "u", 2],
        ".e": ["𑁂", "e", 2],
        ".o": ["𑁄", "o", 2],
        ".L": [".L", "R", 2],
        ".LR": ["𑁀", "R", 2],
        ".R": ["𑀾", "R", 2],
        ".q": ["‌", "", 2],
        ".n": [".n", "234", 2],
        ".n2": ["²", "", 2],
        ".n3": ["³", "", 2],
        ".n4": ["⁴", "", 2],
        ".aa": ["𑀸", "", 2],
        ".I": ["𑀻", "", 2],
        ".ii": ["𑀻", "", 2],
        ".ee": ["𑀻", "", 2],
        ".U": ["𑀽", "", 2],
        ".uu": ["𑀽", "", 2],
        ".oo": ["𑀽", "", 2],
        ".ai": ["𑁃", "", 2],
        ".au": ["𑁅", "", 2],
        ".RR": ["𑀿", "", 2],
        ".LRR": ["𑁁", "", 2],
        ".x": ["𑁆", "", 2]
    },
    "#": {
        "#": ["#", "as", 2],
        "#a": ["#a", "n", 2],
        "#an": ["↓", "", 2],
        "#s": ["↑", "s", 2],
        "#ss": ["↑↑", "s", 2],
        "#sss": ["↑↑↑", "", 2]
    },
    "antar": {
        "ऽ": ["''", 2],
        "ॐ": ["AUM", 2],
        "।": [".", 2],
        "॥": ["..", 2],
        "॰": ["Q", 2],
        "₹": ["$$", 2],
        "↑": ["#s", 2, "↑"],
        "↑↑": ["#ss", 2, "↑"],
        "↑↑↑": ["#sss", 2],
        "↓": ["#an", 2],
        "𑀀": ["MM", 2],
        "𑀁": ["M", 2],
        "𑀂": ["H", 2],
        "𑀅": ["a", 2],
        "𑀆": ["A", 2],
        "𑀇": ["i", 2],
        "𑀈": ["I", 2],
        "𑀉": ["u", 2],
        "𑀊": ["U", 2],
        "𑀋": ["R", 2],
        "𑀌": ["RR", 2],
        "𑀍": ["LR", 2],
        "𑀎": ["LRR", 2],
        "𑀏": ["e", 2],
        "𑀐": ["ai", 2],
        "𑀑": ["o", 2],
        "𑀒": ["au", 2],
        "𑀓": ["k", 1],
        "𑀔": ["kh", 1],
        "𑀕": ["g", 1],
        "𑀖": ["gh", 1],
        "𑀗": ["G", 1],
        "𑀘": ["ch", 1],
        "𑀙": ["chh", 1],
        "𑀚": ["j", 1],
        "𑀛": ["jh", 1],
        "𑀜": ["Y", 1],
        "𑀝": ["T", 1],
        "𑀞": ["Th", 1],
        "𑀟": ["D", 1],
        "𑀠": ["Dh", 1],
        "𑀡": ["N", 1],
        "𑀢": ["t", 1],
        "𑀣": ["th", 1],
        "𑀤": ["d", 1],
        "𑀥": ["dh", 1],
        "𑀦": ["n", 1],
        "𑀧": ["p", 1],
        "𑀨": ["ph", 1],
        "𑀩": ["b", 1],
        "𑀪": ["bh", 1],
        "𑀫": ["m", 1],
        "𑀬": ["y", 1],
        "𑀭": ["r", 1],
        "𑀮": ["l", 1],
        "𑀯": ["v", 1],
        "𑀰": ["sh", 1],
        "𑀱": ["Sh", 1],
        "𑀲": ["s", 1],
        "𑀳": ["h", 1],
        "𑀴": ["L", 1],
        "𑀵": ["Lz", 1],
        "𑀶": ["rz", 1],
        "𑀷": ["nz", 1],
        "𑀸": ["A", 0],
        "𑀹": ["A", 0, "", 5],
        "𑀺": ["i", 0],
        "𑀻": ["I", 0],
        "𑀼": ["u", 0],
        "𑀽": ["U", 0],
        "𑀾": ["R", 0],
        "𑀿": ["RR", 0],
        "𑁀": ["LR", 0],
        "𑁁": ["LRR", 0],
        "𑁂": ["e", 0],
        "𑁃": ["ai", 0],
        "𑁄": ["o", 0],
        "𑁅": ["au", 0],
        "𑁆": ["", 2],
        "𑁦": [".0", 2],
        "𑁧": [".1", 2],
        "𑁨": [".2", 2],
        "𑁩": [".3", 2],
        "𑁪": [".4", 2],
        "𑁫": [".5", 2],
        "𑁬": [".6", 2],
        "𑁭": [".7", 2],
        "𑁮": [".8", 2],
        "𑁯": [".9", 2]
    },
    "kram": [
        "ॐ",
        "𑀅",
        "𑀅",
        1,
        "𑀆",
        "𑀸",
        "𑀆",
        "𑀸",
        "𑀇",
        "𑀺",
        "𑀈",
        "𑀻",
        "𑀉",
        "𑀼",
        "𑀉",
        "𑀼",
        "𑀊",
        "𑀽",
        "𑀊",
        "𑀽",
        "𑀏",
        "𑁂",
        "𑀏",
        "𑁂",
        "𑀐",
        "𑁃",
        "𑀐",
        "𑁃",
        "𑀑",
        "𑁄",
        "𑀑",
        "𑁄",
        "𑀒",
        "𑁅",
        "𑀒",
        "𑁅",
        "𑀋",
        "𑀾",
        "𑀌",
        "𑀿",
        "𑀍",
        "𑁀",
        "𑀎",
        "𑁁",
        "𑀁",
        "𑀀",
        "𑀂",
        "ऽ",
        "𑁆",
        1,
        "॰",
        "𑀓",
        "𑀓",
        "𑀔",
        "𑀔",
        "𑀕",
        "𑀕",
        "𑀕",
        "𑀖",
        "𑀗",
        "𑀘",
        "𑀘",
        "𑀙",
        "𑀙",
        "𑀚",
        "𑀚",
        "𑀚",
        "𑀛",
        "𑀜",
        "𑀢",
        "𑀣",
        "𑀤",
        "𑀥",
        "𑀦",
        "𑀷",
        "𑀝",
        "𑀞",
        "𑀟",
        "𑀟",
        "𑀟",
        "𑀠",
        "𑀠",
        "𑀡",
        "𑀧",
        "𑀨",
        "𑀨",
        "𑀩",
        "𑀩",
        "𑀪",
        "𑀫",
        "𑀬",
        "𑀬",
        "𑀯",
        "𑀭",
        "𑀶",
        "𑀮",
        "𑀴",
        "𑀵",
        "𑀳",
        "𑀲",
        "𑀰",
        "𑀱",
        "↓",
        "↑",
        "↑↑",
        "↑↑↑",
        "𑁦",
        "𑁧",
        "𑁨",
        "𑁩",
        "𑁪",
        "𑁫",
        "𑁬",
        "𑁭",
        "𑁮",
        "𑁯"
    ]
}