{
    "range": [
        [70400, 70527]
    ],
    "sa": 1,
    "a": {
        "a": ["𑌅", "", "aiu", 0],
        "ai": ["𑌐", "𑍈", "", 0],
        "au": ["𑌔", "𑍌", "", 0],
        "aa": ["𑌆", "𑌾", "", 0]
    },
    "A": {
        "A": ["𑌆", "𑌾", "U", 0],
        "AU": ["𑌆𑌊", "M", 2],
        "AUM": ["𑍐", "12", 2],
        "AUM1": ["ॐ", "", 2],
        "AUM2": ["卐", "", 2]
    },
    "i": {
        "i": ["𑌇", "𑌿", "i", 0],
        "ii": ["𑌈", "𑍀", "", 0]
    },
    "I": {
        "I": ["𑌈", "𑍀", "", 0]
    },
    "u": {
        "u": ["𑌉", "𑍁", "u", 0],
        "uu": ["𑌊", "𑍂", "", 0]
    },
    "U": {
        "U": ["𑌊", "𑍂", "", 0]
    },
    "e": {
        "e": ["𑌏", "𑍇", "e1", 0],
        "ee": ["𑌈", "𑍀", "", 0],
        "e1": ["𑌐", "𑍈", "", 0]
    },
    "o": {
        "o": ["𑌓", "𑍋", "o1", 0],
        "oo": ["𑌊", "𑍂", "", 0],
        "o1": ["𑌔", "𑍌", "", 0]
    },
    "R": {
        "R": ["𑌋", "𑍃", "R", 0],
        "RR": ["𑍠", "𑍄", "", 0]
    },
    "k": {
        "k": ["𑌕", "hz", 1],
        "kh": ["𑌖", "z", 1],
        "kz": ["𑌕𑌼", "", 1],
        "khz": ["𑌖𑌼", "", 1]
    },
    "g": {
        "g": ["𑌗", "hz", 1],
        "gh": ["𑌘", "", 1],
        "gz": ["𑌗𑌼", "", 1]
    },
    "G": {
        "G": ["𑌙", "1", 1],
        "G1": ["𑌀", "", 2]
    },
    "c": {
        "c": ["c", "h", 2],
        "ch": ["𑌚", "hz", 1],
        "chh": ["𑌛", "z", 1],
        "chz": ["𑌚𑌼", "", 1],
        "chhz": ["𑌛𑌼", "", 1]
    },
    "C": {
        "C": ["𑌚", "hz", 1],
        "Ch": ["𑌛", "z", 1],
        "Cz": ["𑌚𑌼", "", 1],
        "Chz": ["𑌛𑌼", "", 1]
    },
    "j": {
        "j": ["𑌜", "hz", 1],
        "jh": ["𑌝", "", 1],
        "jz": ["𑌜𑌼", "", 1]
    },
    "J": {
        "J": ["𑌞", "1", 1],
        "J1": ["𑌀", "", 2]
    },
    "Y": {
        "Y": ["𑌞", "1", 1],
        "Y1": ["𑌀", "", 2]
    },
    "T": {
        "T": ["𑌟", "h", 1],
        "Th": ["𑌠", "", 1]
    },
    "D": {
        "D": ["𑌡", "hz", 1],
        "Dh": ["𑌢", "z", 1],
        "Dz": ["𑌡𑌼", "", 1],
        "Dhz": ["𑌢𑌼", "", 1]
    },
    "N": {
        "N": ["𑌣", "1", 1],
        "N1": ["𑌀", "", 2]
    },
    "t": {
        "t": ["𑌤", "h1", 1],
        "th": ["𑌥", "1", 1],
        "t1": ["𑌟", "", 1],
        "th1": ["𑌠", "", 1]
    },
    "d": {
        "d": ["𑌦", "h12", 1],
        "dh": ["𑌧", "12", 1],
        "d1": ["𑌡", "", 1],
        "dh1": ["𑌢", "", 1],
        "d2": ["𑌡𑌼", "", 1],
        "dh2": ["𑌢𑌼", "", 1]
    },
    "n": {
        "n": ["𑌨", "z1234", 1],
        "nz": ["𑌨𑌼", "", 1],
        "n1": ["𑌀", "", 2],
        "n2": ["𑌣", "", 1],
        "n3": ["𑌙", "", 1],
        "n4": ["𑌞", "", 1]
    },
    "p": {
        "p": ["𑌪", "h", 1],
        "ph": ["𑌫", "z", 1],
        "phz": ["𑌫𑌼", "", 1]
    },
    "f": {
        "f": ["𑌫", "z", 1],
        "fz": ["𑌫𑌼", "", 1]
    },
    "b": {
        "b": ["𑌬", "h", 1],
        "bh": ["𑌭", "", 1]
    },
    "m": {
        "m": ["𑌮", "1", 1],
        "m1": ["𑌀", "m", 2],
        "m1m": ["𑌁", "", 2]
    },
    "x": {
        "x": ["𑌕𑍍𑌷", "", 1]
    },
    "y": {
        "y": ["𑌯", "z", 1],
        "yz": ["𑌯𑌼", "", 1]
    },
    "r": {
        "r": ["𑌰", "z13", 1],
        "rz": ["𑌰𑌼", "", 1],
        "r1": ["𑌡𑌼", "h", 1],
        "r1h": ["𑌢𑌼", "", 1],
        "r3": ["𑌋", "𑍃", "r", 0],
        "r3r": ["𑍠", "𑍄", "", 0]
    },
    "l": {
        "l": ["𑌲", "1", 1],
        "l1": ["𑌳", "", 1]
    },
    "L": {
        "L": ["𑌳", "Rz", 1],
        "Lz": ["𑌳𑌼", "", 1],
        "LR": ["𑌌", "𑍢", "R", 0],
        "LRR": ["𑍡", "𑍣", "", 0]
    },
    "v": {
        "v": ["𑌵", "", 1]
    },
    "w": {
        "w": ["𑌵", "", 1]
    },
    "h": {
        "h": ["𑌹", "1", 1],
        "h1": ["𑌃", "", 2]
    },
    "s": {
        "s": ["𑌸", "h", 1],
        "sh": ["𑌶", "h", 1],
        "shh": ["𑌷", "", 1]
    },
    "S": {
        "S": ["S", "hW", 2],
        "Sh": ["𑌷", "", 1],
        "SW": ["SW", "S", 2],
        "SWS": ["卐", "", 2]
    },
    "z": {
        "z": ["𑌜𑌼", "", 1]
    },
    "M": {
        "M": ["𑌀", "M31", 2],
        "MM": ["𑌁", "", 2],
        "M3": ["𑌂", "", 2],
        "M1": ["𑌁", "", 2]
    },
    "H": {
        "H": ["𑌃", "", 2]
    },
    "Q": {
        "Q": ["𑙃", "Q", 2],
        "QQ": ["𑌽", "", 2]
    },
    "'": {
        "'": ["'", "'", 2],
        "''": ["𑌽", "", 2]
    },
    "$": {
        "$": ["$", "$", 2],
        "$$": ["₹", "", 2]
    },
    "q": {
        "q": ["q", "q1", 2],
        "qq": ["𑍍", "", 2],
        "q1": ["𑌻", "", 2]
    },
    ".": {
        ".": ["।", "x.1234567890zaAiIuUeoRLqn", 2],
        "..": ["॥", "", 2],
        ".a": ["", "aiu", 2],
        ".z": ["𑌼", "", 2],
        ".0": ["௦", "", 2],
        ".1": ["௧", "0", 2],
        ".10": ["௰", "0", 2],
        ".100": ["௱", "0", 2],
        ".1000": ["௲", "", 2],
        ".2": ["௨", "", 2],
        ".3": ["௩", "", 2],
        ".4": ["௪", "", 2],
        ".5": ["௫", "", 2],
        ".6": ["௬", "", 2],
        ".7": ["௭", "", 2],
        ".8": ["௮", "", 2],
        ".9": ["௯", "", 2],
        ".i": ["𑌿", "i", 2],
        ".u": ["𑍁", "u", 2],
        ".e": ["𑍇", "e", 2],
        ".o": ["𑍋", "o", 2],
        ".L": [".L", "R", 2],
        ".LR": ["𑍢", "R", 2],
        ".R": ["𑍃", "R", 2],
        ".q": ["‌", "", 2],
        ".n": [".n", "234", 2],
        ".n2": ["²", "", 2],
        ".n3": ["³", "", 2],
        ".n4": ["⁴", "", 2],
        ".A": ["𑌾", "", 2],
        ".aa": ["𑌾", "", 2],
        ".I": ["𑍀", "", 2],
        ".ii": ["𑍀", "", 2],
        ".ee": ["𑍀", "", 2],
        ".U": ["𑍂", "", 2],
        ".uu": ["𑍂", "", 2],
        ".oo": ["𑍂", "", 2],
        ".ai": ["𑍈", "", 2],
        ".au": ["𑍌", "", 2],
        ".RR": ["𑍄", "", 2],
        ".LRR": ["𑍣", "", 2],
        ".x": ["𑍍", "", 2]
    },
    "#": {
        "#": ["#", "as", 2],
        "#a": ["#a", "n", 2],
        "#an": ["↓", "", 2],
        "#s": ["↑", "s", 2],
        "#ss": ["↑↑", "s", 2],
        "#sss": ["↑↑↑", "", 2]
    },
    "antar": {
        "ॐ": ["AUM", 2],
        "।": [".", 2],
        "॥": ["..", 2],
        "௦": [".0", 2],
        "௧": [".1", 2],
        "௨": [".2", 2],
        "௩": [".3", 2],
        "௪": [".4", 2],
        "௫": [".5", 2],
        "௬": [".6", 2],
        "௭": [".7", 2],
        "௮": [".8", 2],
        "௯": [".9", 2],
        "௰": [".10", 2],
        "௱": [".100", 2],
        "௲": [".1000", 2],
        "₹": ["$$", 2],
        "↑": ["#s", 2, "↑"],
        "↑↑": ["#ss", 2, "↑"],
        "↑↑↑": ["#sss", 2],
        "↓": ["#an", 2],
        "𑌀": ["M", 2],
        "𑌁": ["MM", 2],
        "𑌂": ["M3", 2],
        "𑌃": ["H", 2],
        "𑌅": ["a", 2],
        "𑌆": ["A", 2],
        "𑌇": ["i", 2],
        "𑌈": ["I", 2],
        "𑌉": ["u", 2],
        "𑌊": ["U", 2],
        "𑌋": ["R", 2],
        "𑌌": ["LR", 2],
        "𑌏": ["e", 2],
        "𑌐": ["ai", 2],
        "𑌓": ["o", 2],
        "𑌔": ["au", 2],
        "𑌕": ["k", 1, "𑌼"],
        "𑌕𑌼": ["kz", 1],
        "𑌖": ["kh", 1, "𑌼"],
        "𑌖𑌼": ["khz", 1],
        "𑌗": ["g", 1, "𑌼"],
        "𑌗𑌼": ["gz", 1],
        "𑌘": ["gh", 1],
        "𑌙": ["G", 1],
        "𑌚": ["ch", 1, "𑌼"],
        "𑌚𑌼": ["Cz", 1],
        "𑌛": ["chh", 1, "𑌼"],
        "𑌛𑌼": ["Chz", 1],
        "𑌜": ["j", 1, "𑌼"],
        "𑌜𑌼": ["z", 1],
        "𑌝": ["jh", 1],
        "𑌞": ["Y", 1],
        "𑌟": ["T", 1],
        "𑌠": ["Th", 1],
        "𑌡": ["D", 1, "𑌼"],
        "𑌡𑌼": ["d2", 1],
        "𑌢": ["Dh", 1, "𑌼"],
        "𑌢𑌼": ["dh2", 1],
        "𑌣": ["N", 1],
        "𑌤": ["t", 1],
        "𑌥": ["th", 1],
        "𑌦": ["d", 1],
        "𑌧": ["dh", 1],
        "𑌨": ["n", 1, "𑌼"],
        "𑌨𑌼": ["nz", 1],
        "𑌪": ["p", 1],
        "𑌫": ["ph", 1, "𑌼"],
        "𑌫𑌼": ["fz", 1],
        "𑌬": ["b", 1],
        "𑌭": ["bh", 1],
        "𑌮": ["m", 1],
        "𑌯": ["y", 1, "𑌼"],
        "𑌯𑌼": ["yz", 1],
        "𑌰": ["r", 1, "𑌼"],
        "𑌰𑌼": ["rz", 1],
        "𑌲": ["l", 1],
        "𑌳": ["L", 1, "𑌼"],
        "𑌳𑌼": ["Lz", 1],
        "𑌵": ["v", 1],
        "𑌶": ["sh", 1],
        "𑌷": ["Sh", 1],
        "𑌸": ["s", 1],
        "𑌹": ["h", 1],
        "𑌻": ["q1", 2],
        "𑌼": [".z", 2],
        "𑌽": ["''", 2],
        "𑌾": ["A", 0],
        "𑌿": ["i", 0],
        "𑍀": ["I", 0],
        "𑍁": ["u", 0],
        "𑍂": ["U", 0],
        "𑍃": ["R", 0],
        "𑍄": ["RR", 0],
        "𑍇": ["e", 0, "𑍗𑌾"],
        "𑍋": ["o", 0, "", 29],
        "𑍌": ["au", 0, "", 33],
        "𑍈": ["ai", 0],
        "𑍋": ["o", 0],
        "𑍌": ["au", 0],
        "𑍍": ["", 2],
        "𑍐": ["AUM", 2],
        "𑍠": ["RR", 2],
        "𑍡": ["LRR", 2],
        "𑍢": ["LR", 0],
        "𑍣": ["LRR", 0],
        "𑙃": ["Q", 2]
    },
    "kram": [
        "𑍐",
        "𑌅",
        "𑌅",
        1,
        "𑌆",
        "𑌾",
        "𑌆",
        "𑌾",
        "𑌇",
        "𑌿",
        "𑌈",
        "𑍀",
        "𑌉",
        "𑍁",
        "𑌉",
        "𑍁",
        "𑌊",
        "𑍂",
        "𑌊",
        "𑍂",
        "𑌏",
        "𑍇",
        "𑌏",
        "𑍇",
        "𑌐",
        "𑍈",
        "𑌐",
        "𑍈",
        "𑌓",
        "𑍋",
        "𑌓",
        "𑍋",
        "𑌔",
        "𑍌",
        "𑌔",
        "𑍌",
        "𑌋",
        "𑍃",
        "𑍠",
        "𑍄",
        "𑌌",
        "𑍢",
        "𑍡",
        "𑍣",
        "𑌀",
        "𑌁",
        "𑌃",
        "𑌽",
        "𑍍",
        1,
        "𑙃",
        "𑌕",
        "𑌕",
        "𑌖",
        "𑌖",
        "𑌗",
        "𑌗",
        "𑌗",
        "𑌘",
        "𑌙",
        "𑌚",
        "𑌚",
        "𑌛",
        "𑌛",
        "𑌜",
        "𑌜",
        "𑌜",
        "𑌝",
        "𑌞",
        "𑌤",
        "𑌥",
        "𑌦",
        "𑌧",
        "𑌨",
        "𑌨𑌼",
        "𑌟",
        "𑌠",
        "𑌡",
        "𑌡𑌼",
        "𑌡",
        "𑌢",
        "𑌢𑌼",
        "𑌣",
        "𑌪",
        "𑌫",
        "𑌫",
        "𑌬",
        "𑌬",
        "𑌭",
        "𑌮",
        "𑌯",
        "𑌯",
        "𑌵",
        "𑌰",
        "𑌰𑌼",
        "𑌲",
        "𑌳",
        "𑌳𑌼",
        "𑌹",
        "𑌸",
        "𑌶",
        "𑌷",
        "↓",
        "↑",
        "↑↑",
        "↑↑↑",
        "௦",
        "௧",
        "௨",
        "௩",
        "௪",
        "௫",
        "௬",
        "௭",
        "௮",
        "௯"
    ]
}