{
    "range": [
        [2688, 2815]
    ],
    "sa": 0,
    "a": {
        "a": ["અ", "", "aiu", 0],
        "ai": ["ઐ", "ૈ", "I", 0],
        "aiI": ["ઍ", "ૅ", "", 0],
        "au": ["ઔ", "ૌ", "U", 0],
        "auU": ["ઑ", "ૉ", "", 0],
        "aa": ["આ", "ા", "", 0]
    },
    "A": {
        "A": ["આ", "ા", "U", 0],
        "AU": ["આઊ", "M", 2],
        "AUM": ["ૐ", "12", 2],
        "AUM1": ["ॐ", "", 2],
        "AUM2": ["卐", "", 2]
    },
    "i": {
        "i": ["ઇ", "િ", "i", 0],
        "ii": ["ઈ", "ી", "", 0]
    },
    "I": {
        "I": ["ઈ", "ી", "", 0]
    },
    "u": {
        "u": ["ઉ", "ુ", "u", 0],
        "uu": ["ઊ", "ૂ", "", 0]
    },
    "U": {
        "U": ["ઊ", "ૂ", "", 0]
    },
    "e": {
        "e": ["એ", "ે", "e1", 0],
        "ee": ["ઈ", "ી", "", 0],
        "e1": ["ઐ", "ૈ", "", 0]
    },
    "o": {
        "o": ["ઓ", "ો", "o1", 0],
        "oo": ["ઊ", "ૂ", "", 0],
        "o1": ["ઔ", "ૌ", "", 0]
    },
    "R": {
        "R": ["ઋ", "ૃ", "R", 0],
        "RR": ["ૠ", "ૄ", "", 0]
    },
    "k": {
        "k": ["ક", "hz", 1],
        "kh": ["ખ", "z", 1],
        "kz": ["ક઼", "", 1],
        "khz": ["ખ઼", "", 1]
    },
    "g": {
        "g": ["ગ", "hz", 1],
        "gh": ["ઘ", "", 1],
        "gz": ["ગ઼", "", 1]
    },
    "G": {
        "G": ["ઙ", "1", 1],
        "G1": ["ં", "", 2]
    },
    "c": {
        "c": ["c", "h", 2],
        "ch": ["ચ", "hz", 1],
        "chh": ["છ", "z", 1],
        "chz": ["ચ઼", "", 1],
        "chhz": ["છ઼", "", 1]
    },
    "C": {
        "C": ["ચ", "hz", 1],
        "Ch": ["છ", "z", 1],
        "Cz": ["ચ઼", "", 1],
        "Chz": ["છ઼", "", 1]
    },
    "j": {
        "j": ["જ", "hz", 1],
        "jh": ["ઝ", "", 1],
        "jz": ["જ઼", "", 1]
    },
    "J": {
        "J": ["ઞ", "1", 1],
        "J1": ["ં", "", 2]
    },
    "Y": {
        "Y": ["ઞ", "1", 1],
        "Y1": ["ં", "", 2]
    },
    "T": {
        "T": ["ટ", "h", 1],
        "Th": ["ઠ", "", 1]
    },
    "D": {
        "D": ["ડ", "hz", 1],
        "Dh": ["ઢ", "z", 1],
        "Dz": ["ડ઼", "", 1],
        "Dhz": ["ઢ઼", "", 1]
    },
    "N": {
        "N": ["ણ", "1", 1],
        "N1": ["ં", "", 2]
    },
    "t": {
        "t": ["ત", "h1", 1],
        "th": ["થ", "1", 1],
        "t1": ["ટ", "", 1],
        "th1": ["ઠ", "", 1]
    },
    "d": {
        "d": ["દ", "h12", 1],
        "dh": ["ધ", "12", 1],
        "d1": ["ડ", "", 1],
        "dh1": ["ઢ", "", 1],
        "d2": ["ડ઼", "", 1],
        "dh2": ["ઢ઼", "", 1]
    },
    "n": {
        "n": ["ન", "1234z", 1],
        "n1": ["ં", "", 2],
        "n2": ["ણ", "", 1],
        "n3": ["ઙ", "", 1],
        "n4": ["ઞ", "", 1],
        "nz": ["ન઼", "", 1]
    },
    "p": {
        "p": ["પ", "h", 1],
        "ph": ["ફ", "z", 1],
        "phz": ["ફ઼", "", 1]
    },
    "f": {
        "f": ["ફ", "z", 1],
        "fz": ["ફ઼", "", 1]
    },
    "b": {
        "b": ["બ", "h", 1],
        "bh": ["ભ", "", 1]
    },
    "m": {
        "m": ["મ", "1", 1],
        "m1": ["ં", "m", 2],
        "m1m": ["ઁ", "", 2]
    },
    "x": {
        "x": ["ક્ષ", "", 1]
    },
    "y": {
        "y": ["ય", "z", 1],
        "yz": ["ય઼", "", 1]
    },
    "r": {
        "r": ["ર", "1z3", 1],
        "r1": ["ડ઼", "h", 1],
        "r1h": ["ઢ઼", "", 1],
        "rz": ["ર઼", "", 1],
        "r3": ["ઋ", "ૃ", "r", 0],
        "r3r": ["ૠ", "ૄ", "", 0]
    },
    "l": {
        "l": ["લ", "1", 1],
        "l1": ["ળ", "", 1]
    },
    "L": {
        "L": ["ળ", "Rz", 1],
        "LR": ["ઌ", "ૢ", "R", 0],
        "LRR": ["ૡ", "ૣ", "", 0],
        "Lz": ["ળ઼", "", 1]
    },
    "v": {
        "v": ["વ", "", 1]
    },
    "w": {
        "w": ["વ", "", 1]
    },
    "h": {
        "h": ["હ", "1", 1],
        "h1": ["ઃ", "", 2]
    },
    "s": {
        "s": ["સ", "h", 1],
        "sh": ["શ", "h", 1],
        "shh": ["ષ", "", 1]
    },
    "S": {
        "S": ["S", "hW", 2],
        "Sh": ["ષ", "", 1],
        "SW": ["SW", "S", 2],
        "SWS": ["卐", "", 2]
    },
    "z": {
        "z": ["જ઼", "", 1]
    },
    "M": {
        "M": ["ં", "M1", 2],
        "MM": ["ઁ", "", 2],
        "M1": ["ઁ", "", 2]
    },
    "H": {
        "H": ["ઃ", "", 2]
    },
    "Q": {
        "Q": ["॰", "Q", 2],
        "QQ": ["ઽ", "", 2]
    },
    "'": {
        "'": ["'", "'", 2],
        "''": ["ઽ", "", 2]
    },
    "$": {
        "$": ["$", "$", 2],
        "$$": ["₹", "", 2]
    },
    "q": {
        "q": ["q", "q", 2],
        "qq": ["્", "", 2]
    },
    ".": {
        ".": ["।", "x.1234567890azAiIuUeoRLqn", 2],
        "..": ["॥", "", 2],
        ".0": ["০", "", 2],
        ".z": ["઼", "", 2],
        ".1": ["૧", "", 2],
        ".2": ["૨", "", 2],
        ".3": ["૩", "", 2],
        ".4": ["૪", "", 2],
        ".5": ["૫", "", 2],
        ".6": ["૬", "", 2],
        ".7": ["૭", "", 2],
        ".8": ["૮", "", 2],
        ".9": ["૯", "", 2],
        ".a": ["", "aiu", 2],
        ".i": ["િ", "i", 2],
        ".ai": ["ૈ", "I", 2],
        ".aiI": ["ૅ", "", 2],
        ".au": ["ૌ", "U", 2],
        ".auU": ["ૉ", "", 2],
        ".u": ["ુ", "u", 2],
        ".e": ["ે", "e", 2],
        ".o": ["ો", "o", 2],
        ".L": [".L", "R", 2],
        ".LR": ["ૢ", "R", 2],
        ".R": ["ૃ", "R", 2],
        ".q": ["‌", "", 2],
        ".n": [".n", "234", 2],
        ".n2": ["²", "", 2],
        ".n3": ["³", "", 2],
        ".n4": ["⁴", "", 2],
        ".A": ["ા", "", 2],
        ".aa": ["ા", "", 2],
        ".I": ["ી", "", 2],
        ".ii": ["ી", "", 2],
        ".ee": ["ી", "", 2],
        ".U": ["ૂ", "", 2],
        ".uu": ["ૂ", "", 2],
        ".oo": ["ૂ", "", 2],
        ".RR": ["ૄ", "", 2],
        ".LRR": ["ૣ", "", 2],
        ".x": ["્", "", 2]
    },
    "#": {
        "#": ["#", "as", 2],
        "#a": ["#a", "n", 2],
        "#an": ["॒", "1", 2],
        "#s": ["॑", "s1", 2],
        "#ss": ["᳚", "s1", 2],
        "#sss": ["᳛", "1", 2],
        "#an1": ["↓", "", 2],
        "#s1": ["↑", "", 2],
        "#ss1": ["↑↑", "", 2],
        "#sss1": ["↑↑↑", "", 2]
    },
    "antar": {
        "ॐ": ["AUM", 2],
        "॑": ["#s", 2],
        "॒": ["#an", 2],
        "।": [".", 2],
        "॥": ["..", 2],
        "॰": ["Q", 2],
        "০": [".0", 2],
        "ઁ": ["MM", 2],
        "ં": ["M", 2],
        "ઃ": ["H", 2],
        "અ": ["a", 2],
        "આ": ["A", 2],
        "ઇ": ["i", 2],
        "ઈ": ["I", 2],
        "ઉ": ["u", 2],
        "ઊ": ["U", 2],
        "ઋ": ["R", 2],
        "ઌ": ["LR", 2],
        "ઍ": ["au", 2],
        "એ": ["e", 2],
        "ઐ": ["ai", 2],
        "ઑ": ["ai", 2],
        "ઓ": ["o", 2],
        "ઔ": ["au", 2],
        "ક": ["k", 1, "઼"],
        "ક઼": ["kz", 1],
        "ખ": ["kh", 1, "઼"],
        "ખ઼": ["khz", 1],
        "ગ": ["g", 1, "઼"],
        "ગ઼": ["gz", 1],
        "ઘ": ["gh", 1],
        "ઙ": ["G", 1],
        "ચ": ["ch", 1, "઼"],
        "ચ઼": ["Cz", 1],
        "છ": ["chh", 1, "઼"],
        "છ઼": ["Chz", 1],
        "જ": ["j", 1, "઼"],
        "જ઼": ["jz", 1],
        "ઝ": ["jh", 1],
        "ઞ": ["Y", 1],
        "ટ": ["T", 1],
        "ઠ": ["Th", 1],
        "ડ": ["D", 1, "઼"],
        "ડ઼": ["Dz", 1],
        "ઢ": ["Dh", 1, "઼"],
        "ઢ઼": ["Dhz", 1],
        "ણ": ["N", 1],
        "ત": ["t", 1],
        "થ": ["th", 1],
        "દ": ["d", 1],
        "ધ": ["dh", 1],
        "ન": ["n", 1, "઼"],
        "ન઼": ["nz", 1],
        "પ": ["p", 1],
        "ફ": ["ph", 1, "઼"],
        "ફ઼": ["phz", 1],
        "બ": ["b", 1],
        "ભ": ["bh", 1],
        "મ": ["m", 1],
        "ય": ["y", 1, "઼"],
        "ય઼": ["yz", 1],
        "ર": ["r", 1, "઼"],
        "ર઼": ["rz", 1],
        "લ": ["l", 1],
        "ળ": ["L", 1, "઼"],
        "ળ઼": ["Lz", 1],
        "વ": ["v", 1],
        "શ": ["sh", 1],
        "ષ": ["Sh", 1],
        "સ": ["s", 1],
        "હ": ["h", 1],
        "઼": [".z", 2],
        "ઽ": ["''", 2],
        "ા": ["A", 0],
        "િ": ["i", 0],
        "ી": ["I", 0],
        "ુ": ["u", 0],
        "ૂ": ["U", 0],
        "ૃ": ["R", 0],
        "ૄ": ["RR", 0],
        "ૅ": ["au", 0],
        "ે": ["e", 0],
        "ૈ": ["ai", 0],
        "ૉ": ["ai", 0],
        "ો": ["o", 0],
        "ૌ": ["au", 0],
        "્": ["", 2],
        "ૐ": ["AUM", 2],
        "ૠ": ["RR", 2],
        "ૡ": ["LRR", 2],
        "ૢ": ["LR", 0],
        "ૣ": ["LRR", 0],
        "૧": [".1", 2],
        "૨": [".2", 2],
        "૩": [".3", 2],
        "૪": [".4", 2],
        "૫": [".5", 2],
        "૬": [".6", 2],
        "૭": [".7", 2],
        "૮": [".8", 2],
        "૯": [".9", 2],
        "᳚": ["#ss", 2],
        "᳛": ["#sss", 2],
        "₹": ["$$", 2],
        "↑": ["#s", 2, "↑"],
        "↑↑": ["#ss", 2, "↑"],
        "↑↑↑": ["#sss", 2],
        "↓": ["#an", 2]
    },
    "kram": [
        "ૐ",
        "અ",
        "અ",
        1,
        "આ",
        "ા",
        "આ",
        "ા",
        "ઇ",
        "િ",
        "ઈ",
        "ી",
        "ઉ",
        "ુ",
        "ઉ",
        "ુ",
        "ઊ",
        "ૂ",
        "ઊ",
        "ૂ",
        "એ",
        "ે",
        "એ",
        "ે",
        "ઐ",
        "ૈ",
        "ઍ",
        "ૅ",
        "ઓ",
        "ો",
        "ઓ",
        "ો",
        "ઔ",
        "ૌ",
        "ઑ",
        "ૉ",
        "ઋ",
        "ૃ",
        "ૠ",
        "ૄ",
        "ઌ",
        "ૢ",
        "ૡ",
        "ૣ",
        "ં",
        "ઁ",
        "ઃ",
        "ઽ",
        "્",
        "઼",
        "॰",
        "ક",
        "ક઼",
        "ખ",
        "ખ઼",
        "ગ",
        "ગ઼",
        "ગ",
        "ઘ",
        "ઙ",
        "ચ",
        "ચ",
        "છ",
        "છ",
        "જ",
        "જ઼",
        "જ",
        "ઝ",
        "ઞ",
        "ત",
        "થ",
        "દ",
        "ધ",
        "ન",
        "ન઼",
        "ટ",
        "ઠ",
        "ડ",
        "ડ઼",
        "ડ",
        "ઢ",
        "ઢ઼",
        "ણ",
        "પ",
        "ફ",
        "ફ઼",
        "બ",
        "બ",
        "ભ",
        "મ",
        "ય",
        "ય",
        "વ",
        "ર",
        "ર઼",
        "લ",
        "ળ",
        "ળ઼",
        "હ",
        "સ",
        "શ",
        "ષ",
        "॒",
        "॑",
        "᳚",
        "᳛",
        "০",
        "૧",
        "૨",
        "૩",
        "૪",
        "૫",
        "૬",
        "૭",
        "૮",
        "૯"
    ]
}