{
    "range": [
        [3200, 3327]
    ],
    "sa": 1,
    "a": {
        "a": ["ಅ", "", "aiu", 0],
        "ai": ["ಐ", "ೈ", "", 0],
        "au": ["ಔ", "ೌ", "", 0],
        "aa": ["ಆ", "ಾ", "", 0]
    },
    "A": {
        "A": ["ಆ", "ಾ", "U", 0],
        "AU": ["ಆಊ", "M", 2],
        "AUM": ["ಓಂ", "12", 2],
        "AUM1": ["ॐ", "", 2],
        "AUM2": ["卐", "", 2]
    },
    "i": {
        "i": ["ಇ", "ಿ", "i", 0],
        "ii": ["ಈ", "ೀ", "", 0]
    },
    "I": {
        "I": ["ಈ", "ೀ", "", 0]
    },
    "u": {
        "u": ["ಉ", "ು", "u", 0],
        "uu": ["ಊ", "ೂ", "", 0]
    },
    "U": {
        "U": ["ಊ", "ೂ", "", 0]
    },
    "e": {
        "e": ["ಎ", "ೆ", "e21", 0],
        "ee": ["ಈ", "ೀ", "", 0],
        "e2": ["ಏ", "ೇ", "", 0],
        "e1": ["ಐ", "ೈ", "", 0]
    },
    "E": {
        "E": ["ಏ", "ೇ", "", 0]
    },
    "o": {
        "o": ["ಒ", "ೊ", "o21", 0],
        "oo": ["ಊ", "ೂ", "", 0],
        "o2": ["ಓ", "ೋ", "", 0],
        "o1": ["ಔ", "ೌ", "", 0]
    },
    "O": {
        "O": ["ಓ", "ೋ", "", 0]
    },
    "R": {
        "R": ["ಋ", "ೃ", "R", 0],
        "RR": ["ೠ", "ೄ", "", 0]
    },
    "k": {
        "k": ["ಕ", "hz", 1],
        "kh": ["ಖ", "z", 1],
        "kz": ["ಕ಼", "", 1],
        "khz": ["ಖ಼", "", 1]
    },
    "g": {
        "g": ["ಗ", "hz", 1],
        "gh": ["ಘ", "", 1],
        "gz": ["ಗ಼", "", 1]
    },
    "G": {
        "G": ["ಙ", "1", 1],
        "G1": ["ಂ", "", 2]
    },
    "c": {
        "c": ["c", "h", 2],
        "ch": ["ಚ", "hz", 1],
        "chh": ["ಛ", "z", 1],
        "chz": ["ಚ಼", "", 1],
        "chhz": ["ಛ಼", "", 1]
    },
    "C": {
        "C": ["ಚ", "hz", 1],
        "Ch": ["ಛ", "z", 1],
        "Cz": ["ಚ಼", "", 1],
        "Chz": ["ಛ಼", "", 1]
    },
    "j": {
        "j": ["ಜ", "hz", 1],
        "jh": ["ಝ", "", 1],
        "jz": ["ಜ಼", "", 1]
    },
    "J": {
        "J": ["ಞ", "1", 1],
        "J1": ["ಂ", "", 2]
    },
    "Y": {
        "Y": ["ಞ", "1", 1],
        "Y1": ["ಂ", "", 2]
    },
    "T": {
        "T": ["ಟ", "h", 1],
        "Th": ["ಠ", "", 1]
    },
    "D": {
        "D": ["ಡ", "hz", 1],
        "Dz": ["ಡ಼", "", 1],
        "Dh": ["ಢ", "z", 1],
        "Dhz": ["ಢ಼", "", 1]
    },
    "N": {
        "N": ["ಣ", "1", 1],
        "N1": ["ಂ", "", 2]
    },
    "t": {
        "t": ["ತ", "h1", 1],
        "th": ["ಥ", "1", 1],
        "t1": ["ಟ", "", 1],
        "th1": ["ಠ", "", 1]
    },
    "d": {
        "d": ["ದ", "h12", 1],
        "dh": ["ಧ", "12", 1],
        "d1": ["ಡ", "", 1],
        "dh1": ["ಢ", "", 1],
        "d2": ["ಡ಼", "", 1],
        "dh2": ["ಢ಼", "", 1]
    },
    "n": {
        "n": ["ನ", "1234z", 1],
        "n1": ["ಂ", "", 2],
        "n2": ["ಣ", "", 1],
        "n3": ["ಙ", "", 1],
        "n4": ["ಞ", "", 1],
        "nz": ["ನ಼", "", 1]
    },
    "p": {
        "p": ["ಪ", "h", 1],
        "ph": ["ಫ", "z", 1],
        "phz": ["ಫ಼", "", 1]
    },
    "f": {
        "f": ["ಫ", "z", 1],
        "fz": ["ಫ಼", "", 1]
    },
    "b": {
        "b": ["ಬ", "h", 1],
        "bh": ["ಭ", "", 1]
    },
    "m": {
        "m": ["ಮ", "1", 1],
        "m1": ["ಂ", "m", 2],
        "m1m": ["ಁ", "", 2]
    },
    "x": {
        "x": ["ಕ್ಷ", "", 1]
    },
    "y": {
        "y": ["ಯ", "z", 1],
        "yz": ["ಯ಼", "", 1]
    },
    "r": {
        "r": ["ರ", "2z13", 1],
        "rz": ["ಱ", "", 1],
        "r2": ["ಱ", "", 1],
        "r1": ["ಡ಼", "h", 1],
        "r1h": ["ಢ಼", "", 1],
        "r3": ["ಋ", "ೃ", "r", 0],
        "r3r": ["ೠ", "ೄ", "", 0]
    },
    "l": {
        "l": ["ಲ", "1", 1],
        "l1": ["ಳ", "", 1]
    },
    "L": {
        "L": ["ಳ", "zR", 1],
        "Lz": ["ೞ", "", 1],
        "LR": ["ಌ", "ೢ", "R", 0],
        "LRR": ["ೡ", "ೣ", "", 0]
    },
    "v": {
        "v": ["ವ", "", 1]
    },
    "w": {
        "w": ["ವ", "", 1]
    },
    "h": {
        "h": ["ಹ", "1", 1],
        "h1": ["ಃ", "", 2]
    },
    "s": {
        "s": ["ಸ", "h", 1],
        "sh": ["ಶ", "h", 1],
        "shh": ["ಷ", "", 1]
    },
    "S": {
        "S": ["S", "hW", 2],
        "Sh": ["ಷ", "", 1],
        "SW": ["SW", "S", 2],
        "SWS": ["卐", "", 2]
    },
    "z": {
        "z": ["ಜ಼", "h", 1],
        "zh": ["ೞ", "", 1]
    },
    "M": {
        "M": ["ಂ", "M1", 2],
        "MM": ["ಁ", "", 2],
        "M1": ["ಁ", "", 2]
    },
    "H": {
        "H": ["ಃ", "", 2]
    },
    "Q": {
        "Q": ["॰", "Q", 2],
        "QQ": ["ಽ", "", 2]
    },
    "'": {
        "'": ["'", "'", 2],
        "''": ["ಽ", "", 2]
    },
    "$": {
        "$": ["$", "$", 2],
        "$$": ["₹", "", 2]
    },
    "q": {
        "q": ["q", "q", 2],
        "qq": ["್", "", 2]
    },
    ".": {
        ".": ["।", "x.1234567890zaAiIuUeEoORLqn", 2],
        "..": ["॥", "", 2],
        ".z": ["಼", "", 2],
        ".0": ["೦", "", 2],
        ".1": ["೧", "", 2],
        ".2": ["೨", "", 2],
        ".3": ["೩", "", 2],
        ".4": ["೪", "", 2],
        ".5": ["೫", "", 2],
        ".6": ["೬", "", 2],
        ".7": ["೭", "", 2],
        ".8": ["೮", "", 2],
        ".9": ["೯", "", 2],
        ".a": ["", "aiu", 2],
        ".i": ["ಿ", "i", 2],
        ".u": ["ು", "u", 2],
        ".e": ["ೆ", "e", 2],
        ".o": ["ೊ", "o", 2],
        ".L": [".L", "R", 2],
        ".LR": ["ೢ", "R", 2],
        ".R": ["ೃ", "R", 2],
        ".q": ["‌", "", 2],
        ".n": [".n", "234", 2],
        ".n2": ["²", "", 2],
        ".n3": ["³", "", 2],
        ".n4": ["⁴", "", 2],
        ".A": ["ಾ", "", 2],
        ".aa": ["ಾ", "", 2],
        ".I": ["ೀ", "", 2],
        ".ii": ["ೀ", "", 2],
        ".ee": ["ೀ", "", 2],
        ".U": ["ೂ", "", 2],
        ".uu": ["ೂ", "", 2],
        ".oo": ["ೂ", "", 2],
        ".E": ["ೇ", "", 2],
        ".O": ["ೋ", "", 2],
        ".ai": ["ೈ", "", 2],
        ".au": ["ೌ", "", 2],
        ".RR": ["ೄ", "", 2],
        ".LRR": ["ೣ", "", 2],
        ".x": ["್", "", 2]
    },
    "#": {
        "#": ["#", "Has", 2],
        "#H": ["ೱ", "1", 2],
        "#H1": ["ೲ", "", 2],
        "#a": ["#a", "n", 2],
        "#an": ["॒", "1", 2],
        "#s": ["॑", "s1", 2],
        "#ss": ["᳚", "s1", 2],
        "#sss": ["᳛", "1", 2],
        "#an1": ["↓", "", 2],
        "#s1": ["↑", "", 2],
        "#ss1": ["↑↑", "", 2],
        "#sss1": ["↑↑↑", "", 2]
    },
    "antar": {
        "ॐ": ["AUM", 2],
        "॑": ["#s", 2],
        "॒": ["#an", 2],
        "।": [".", 2],
        "॥": ["..", 2],
        "॰": ["Q", 2],
        "ಁ": ["MM", 2],
        "ಂ": ["M", 2],
        "ಃ": ["H", 2],
        "ಅ": ["a", 2],
        "ಆ": ["A", 2],
        "ಇ": ["i", 2],
        "ಈ": ["I", 2],
        "ಉ": ["u", 2],
        "ಊ": ["U", 2],
        "ಋ": ["R", 2],
        "ಌ": ["LR", 2],
        "ಎ": ["e", 2],
        "ಏ": ["E", 2],
        "ಐ": ["ai", 2],
        "ಒ": ["o", 2],
        "ಓ": ["O", 2, "ಂ"],
        "ಓಂ": ["AUM", 2],
        "ಔ": ["au", 2],
        "ಕ": ["k", 1, "಼"],
        "ಕ಼": ["kz", 1],
        "ಖ": ["kh", 1, "಼"],
        "ಖ಼": ["khz", 1],
        "ಗ": ["g", 1, "಼"],
        "ಗ಼": ["gz", 1],
        "ಘ": ["gh", 1],
        "ಙ": ["G", 1],
        "ಚ": ["ch", 1, "಼"],
        "ಚ಼": ["Cz", 1],
        "ಛ": ["chh", 1, "಼"],
        "ಛ಼": ["Chz", 1],
        "ಜ": ["j", 1, "಼"],
        "ಜ಼": ["jz", 1],
        "ಝ": ["jh", 1],
        "ಞ": ["Y", 1],
        "ಟ": ["T", 1],
        "ಠ": ["Th", 1],
        "ಡ": ["D", 1, "಼"],
        "ಡ಼": ["Dz", 1],
        "ಢ": ["Dh", 1, "಼"],
        "ಢ಼": ["Dhz", 1],
        "ಣ": ["N", 1],
        "ತ": ["t", 1],
        "ಥ": ["th", 1],
        "ದ": ["d", 1],
        "ಧ": ["dh", 1],
        "ನ": ["n", 1, "಼"],
        "ನ಼": ["nz", 1],
        "ಪ": ["p", 1],
        "ಫ": ["ph", 1, "಼"],
        "ಫ಼": ["phz", 1],
        "ಬ": ["b", 1],
        "ಭ": ["bh", 1],
        "ಮ": ["m", 1],
        "ಯ": ["y", 1, "಼"],
        "ಯ಼": ["yz", 1],
        "ರ": ["r", 1, "಼"],
        "ರ಼": ["rz", 1],
        "ಱ": ["rz", 1],
        "ಲ": ["l", 1],
        "ಳ": ["L", 1],
        "ವ": ["v", 1],
        "ಶ": ["sh", 1],
        "ಷ": ["Sh", 1],
        "ಸ": ["s", 1],
        "ಹ": ["h", 1],
        "಼": [".z", 2],
        "ಽ": ["''", 2],
        "ಾ": ["A", 0],
        "ಿ": ["i", 0, "ೕ"],
        "ೀ": ["I", 0, "", 11],
        "ೀ": ["I", 0],
        "ು": ["u", 0],
        "ೂ": ["U", 0],
        "ೃ": ["R", 0],
        "ೄ": ["RR", 0],
        "ೆ": ["e", 0, "ೕೖೂ"],
        "ೊ": ["o", 0, "ೕ", 31],
        "ೋ": ["O", 0, "", 29],
        "ೇ": ["E", 0, "", 21],
        "ೈ": ["ai", 0, "", 25],
        "ೇ": ["E", 0],
        "ೈ": ["ai", 0],
        "ೊ": ["o", 0, "ೕ"],
        "ೋ": ["O", 0],
        "ೋ": ["O", 0],
        "ೌ": ["au", 0],
        "್": ["", 2],
        "ೞ": ["zh", 1],
        "ೠ": ["RR", 2],
        "ೡ": ["LRR", 2],
        "ೢ": ["LR", 0],
        "ೣ": ["LRR", 0],
        "೦": [".0", 2],
        "೧": [".1", 2],
        "೨": [".2", 2],
        "೩": [".3", 2],
        "೪": [".4", 2],
        "೫": [".5", 2],
        "೬": [".6", 2],
        "೭": [".7", 2],
        "೮": [".8", 2],
        "೯": [".9", 2],
        "ೱ": ["#H", 2],
        "ೲ": ["#H1", 2],
        "᳚": ["#ss", 2],
        "᳛": ["#sss", 2],
        "₹": ["$$", 2],
        "↑": ["#s", 2, "↑"],
        "↑↑": ["#ss", 2, "↑"],
        "↑↑↑": ["#sss", 2],
        "↓": ["#an", 2]
    },
    "kram": [
        "ಓಂ",
        "ಅ",
        "ಅ",
        1,
        "ಆ",
        "ಾ",
        "ಆ",
        "ಾ",
        "ಇ",
        "ಿ",
        "ಈ",
        "ೀ",
        "ಉ",
        "ು",
        "ಉ",
        "ು",
        "ಊ",
        "ೂ",
        "ಊ",
        "ೂ",
        "ಏ",
        "ೇ",
        "ಎ",
        "ೆ",
        "ಐ",
        "ೈ",
        "ಐ",
        "ೈ",
        "ಓ",
        "ೋ",
        "ಒ",
        "ೊ",
        "ಔ",
        "ೌ",
        "ಔ",
        "ೌ",
        "ಋ",
        "ೃ",
        "ೠ",
        "ೄ",
        "ಌ",
        "ೢ",
        "ೡ",
        "ೣ",
        "ಂ",
        "ಁ",
        "ಃ",
        "ಽ",
        "್",
        1,
        "॰",
        "ಕ",
        "ಕ",
        "ಖ",
        "ಖ",
        "ಗ",
        "ಗ",
        "ಗ",
        "ಘ",
        "ಙ",
        "ಚ",
        "ಚ",
        "ಛ",
        "ಛ",
        "ಜ",
        "ಜ",
        "ಜ",
        "ಝ",
        "ಞ",
        "ತ",
        "ಥ",
        "ದ",
        "ಧ",
        "ನ",
        "ನ",
        "ಟ",
        "ಠ",
        "ಡ",
        "ಡ಼",
        "ಡ",
        "ಢ",
        "ಢ಼",
        "ಣ",
        "ಪ",
        "ಫ",
        "ಫ",
        "ಬ",
        "ಬ",
        "ಭ",
        "ಮ",
        "ಯ",
        "ಯ",
        "ವ",
        "ರ",
        "ರ",
        "ಲ",
        "ಳ",
        "ಳ",
        "ಹ",
        "ಸ",
        "ಶ",
        "ಷ",
        "॒",
        "॑",
        "᳚",
        "᳛",
        "೦",
        "೧",
        "೨",
        "೩",
        "೪",
        "೫",
        "೬",
        "೭",
        "೮",
        "೯"
    ]
}