{
    "range": [
        [3328, 3455]
    ],
    "sa": 1,
    "a": {
        "a": ["അ", "", "aiu", 0],
        "ai": ["ഐ", "ൈ", "", 0],
        "au": ["ഔ", "ൗ", "1", 0],
        "au1": ["ഔ", "ൌ", "", 0],
        "aa": ["ആ", "ാ", "", 0]
    },
    "A": {
        "A": ["ആ", "ാ", "U", 0],
        "AU": ["ആഊ", "M", 2],
        "AUM": ["ഓം", "12", 2],
        "AUM1": ["ॐ", "", 2],
        "AUM2": ["卐", "", 2]
    },
    "i": {
        "i": ["ഇ", "ി", "i", 0],
        "ii": ["ഈ", "ീ", "", 0]
    },
    "I": {
        "I": ["ഈ", "ീ", "", 0]
    },
    "u": {
        "u": ["ഉ", "ു", "u", 0],
        "uu": ["ഊ", "ൂ", "", 0]
    },
    "U": {
        "U": ["ഊ", "ൂ", "", 0]
    },
    "e": {
        "e": ["എ", "െ", "e21", 0],
        "ee": ["ഈ", "ീ", "", 0],
        "e2": ["ഏ", "േ", "", 0],
        "e1": ["ഐ", "ൈ", "", 0]
    },
    "E": {
        "E": ["ഏ", "േ", "", 0]
    },
    "o": {
        "o": ["ഒ", "ൊ", "o21", 0],
        "oo": ["ഊ", "ൂ", "", 0],
        "o2": ["ഓ", "ോ", "", 0],
        "o1": ["ഔ", "ൗ", "", 0]
    },
    "O": {
        "O": ["ഓ", "ോ", "", 0]
    },
    "R": {
        "R": ["ഋ", "ൃ", "R", 0],
        "RR": ["ൠ", "ൄ", "", 0]
    },
    "k": {
        "k": ["ക", "h", 1],
        "kh": ["ഖ", "", 1]
    },
    "g": {
        "g": ["ഗ", "h", 1],
        "gh": ["ഘ", "", 1]
    },
    "G": {
        "G": ["ങ", "1", 1],
        "G1": ["ം", "", 2]
    },
    "c": {
        "c": ["c", "h", 2],
        "ch": ["ച", "h", 1],
        "chh": ["ഛ", "", 1]
    },
    "C": {
        "C": ["ച", "h", 1],
        "Ch": ["ഛ", "", 1]
    },
    "j": {
        "j": ["ജ", "h", 1],
        "jh": ["ഝ", "", 1]
    },
    "J": {
        "J": ["ഞ", "1", 1],
        "J1": ["ം", "", 2]
    },
    "Y": {
        "Y": ["ഞ", "1", 1],
        "Y1": ["ം", "", 2]
    },
    "T": {
        "T": ["ട", "h", 1],
        "Th": ["ഠ", "", 1]
    },
    "D": {
        "D": ["ഡ", "h", 1],
        "Dh": ["ഢ", "", 1]
    },
    "N": {
        "N": ["ണ", "1", 1],
        "N1": ["ം", "", 2]
    },
    "t": {
        "t": ["ത", "h1", 1],
        "th": ["ഥ", "1", 1],
        "t1": ["ട", "", 1],
        "th1": ["ഠ", "", 1]
    },
    "d": {
        "d": ["ദ", "h1", 1],
        "dh": ["ധ", "1", 1],
        "d1": ["ഡ", "", 1],
        "dh1": ["ഢ", "", 1]
    },
    "n": {
        "n": ["ന", "z51234", 1],
        "n5": ["ഩ", "", 1],
        "nz": ["ഩ", "", 1],
        "n1": ["ം", "", 2],
        "n2": ["ണ", "", 1],
        "n3": ["ങ", "", 1],
        "n4": ["ഞ", "", 1]
    },
    "p": {
        "p": ["പ", "h", 1],
        "ph": ["ഫ", "", 1]
    },
    "f": {
        "f": ["ഫ", "", 1]
    },
    "b": {
        "b": ["ബ", "h", 1],
        "bh": ["ഭ", "", 1]
    },
    "m": {
        "m": ["മ", "1", 1],
        "m1": ["ം", "m", 2],
        "m1m": ["ഁ", "", 2]
    },
    "x": {
        "x": ["ക്ഷ", "", 1]
    },
    "y": {
        "y": ["യ", "", 1]
    },
    "r": {
        "r": ["ര", "z13", 1],
        "r1": ["റ", "", 1],
        "rz": ["റ", "", 1],
        "r3": ["ഋ", "ൃ", "r", 0],
        "r3r": ["ൠ", "ൄ", "", 0]
    },
    "l": {
        "l": ["ല", "1", 1],
        "l1": ["ള", "", 1]
    },
    "L": {
        "L": ["ള", "Rz", 1],
        "Lz": ["ഴ", "", 1],
        "LR": ["ഌ", "ൢ", "R", 0],
        "LRR": ["ൡ", "ൣ", "", 0]
    },
    "v": {
        "v": ["വ", "", 1]
    },
    "w": {
        "w": ["വ", "", 1]
    },
    "h": {
        "h": ["ഹ", "1", 1],
        "h1": ["ഃ", "", 2]
    },
    "s": {
        "s": ["സ", "h", 1],
        "sh": ["ശ", "h", 1],
        "shh": ["ഷ", "", 1]
    },
    "S": {
        "S": ["S", "hW", 2],
        "Sh": ["ഷ", "", 1],
        "SW": ["SW", "S", 2],
        "SWS": ["卐", "", 2]
    },
    "z": {
        "z": ["z", "h", 2],
        "zh": ["ഴ", "", 1]
    },
    "M": {
        "M": ["ം", "M1", 2],
        "MM": ["ഁ", "", 2],
        "M1": ["ഁ", "", 2]
    },
    "H": {
        "H": ["ഃ", "", 2]
    },
    "Q": {
        "Q": ["॰", "Q", 2],
        "QQ": ["ഽ", "", 2]
    },
    "'": {
        "'": ["'", "'", 2],
        "''": ["ഽ", "", 2]
    },
    "$": {
        "$": ["$", "$", 2],
        "$$": ["₹", "", 2]
    },
    "q": {
        "q": ["q", "q12", 2],
        "qq": ["്", "", 2],
        "q1": ["഻", "", 2],
        "q2": ["഼", "", 2]
    },
    ".": {
        ".": ["।", "x.1234567890NnrlLkaAiIuUeEoORq", 2],
        "..": ["॥", "", 2],
        ".N": ["ൺ", "", 1],
        ".n": ["ൻ", "234", 1],
        ".r": ["ർ", "", 1],
        ".l": ["ൽ", "", 1],
        ".L": [".L", "1R", 2],
        ".L1": ["ൾ", "", 1],
        ".k": ["ൿ", "", 1],
        ".0": ["൦", "", 2],
        ".1": ["൧", "0", 2],
        ".10": ["൰", "0", 2],
        ".100": ["൱", "0", 2],
        ".1000": ["൲", "", 2],
        ".2": ["൨", "", 2],
        ".3": ["൩", "", 2],
        ".4": ["൪", "", 2],
        ".5": ["൫", "", 2],
        ".6": ["൬", "", 2],
        ".7": ["൭", "", 2],
        ".8": ["൮", "", 2],
        ".9": ["൯", "", 2],
        ".a": ["", "aiu", 2],
        ".au": ["ൗ", "1", 2],
        ".au1": ["ൌ", "", 2],
        ".i": ["ി", "i", 2],
        ".u": ["ു", "u", 2],
        ".e": ["െ", "e", 2],
        ".o": ["ൊ", "o", 2],
        ".LR": ["ൢ", "R", 2],
        ".R": ["ൃ", "R", 2],
        ".q": ["‌", "", 2],
        ".n2": ["²", "", 2],
        ".n3": ["³", "", 2],
        ".n4": ["⁴", "", 2],
        ".A": ["ാ", "", 2],
        ".aa": ["ാ", "", 2],
        ".I": ["ീ", "", 2],
        ".ii": ["ീ", "", 2],
        ".ee": ["ീ", "", 2],
        ".U": ["ൂ", "", 2],
        ".uu": ["ൂ", "", 2],
        ".oo": ["ൂ", "", 2],
        ".E": ["േ", "", 2],
        ".O": ["ോ", "", 2],
        ".ai": ["ൈ", "", 2],
        ".RR": ["ൄ", "", 2],
        ".LRR": ["ൣ", "", 2],
        ".x": ["്", "", 2]
    },
    "#": {
        "#": ["#", "as", 2],
        "#a": ["#a", "n", 2],
        "#an": ["॒", "1", 2],
        "#s": ["॑", "s1", 2],
        "#ss": ["᳚", "s1", 2],
        "#sss": ["᳛", "1", 2],
        "#an1": ["↓", "", 2],
        "#s1": ["↑", "", 2],
        "#ss1": ["↑↑", "", 2],
        "#sss1": ["↑↑↑", "", 2]
    },
    "antar": {
        "ॐ": ["AUM", 2],
        "॑": ["#s", 2],
        "॒": ["#an", 2],
        "।": [".", 2],
        "॥": ["..", 2],
        "॰": ["Q", 2],
        "ഁ": ["MM", 2],
        "ം": ["M", 2],
        "ഃ": ["H", 2],
        "അ": ["a", 2],
        "ആ": ["A", 2],
        "ഇ": ["i", 2],
        "ഈ": ["I", 2],
        "ഉ": ["u", 2],
        "ഊ": ["U", 2],
        "ഋ": ["R", 2],
        "ഌ": ["LR", 2],
        "എ": ["e", 2],
        "ഏ": ["E", 2],
        "ഐ": ["ai", 2],
        "ഒ": ["o", 2],
        "ഓ": ["O", 2, "ം"],
        "ഓം": ["AUM", 2],
        "ഔ": ["au", 2],
        "ക": ["k", 1],
        "ഖ": ["kh", 1],
        "ഗ": ["g", 1],
        "ഘ": ["gh", 1],
        "ങ": ["G", 1],
        "ച": ["ch", 1],
        "ഛ": ["chh", 1],
        "ജ": ["j", 1],
        "ഝ": ["jh", 1],
        "ഞ": ["Y", 1],
        "ട": ["T", 1],
        "ഠ": ["Th", 1],
        "ഡ": ["D", 1],
        "ഢ": ["Dh", 1],
        "ണ": ["N", 1],
        "ത": ["t", 1],
        "ഥ": ["th", 1],
        "ദ": ["d", 1],
        "ധ": ["dh", 1],
        "ന": ["n", 1],
        "ഩ": ["n5", 1],
        "പ": ["p", 1],
        "ഫ": ["ph", 1],
        "ബ": ["b", 1],
        "ഭ": ["bh", 1],
        "മ": ["m", 1],
        "യ": ["y", 1],
        "ര": ["r", 1],
        "റ": ["r1", 1],
        "ല": ["l", 1],
        "ള": ["L", 1],
        "ഴ": ["zh", 1],
        "വ": ["v", 1],
        "ശ": ["sh", 1],
        "ഷ": ["Sh", 1],
        "സ": ["s", 1],
        "ഹ": ["h", 1],
        "഻": ["q1", 2],
        "഼": ["q2", 2],
        "ഽ": ["''", 2],
        "ാ": ["A", 0],
        "ി": ["i", 0],
        "ീ": ["I", 0],
        "ു": ["u", 0],
        "ൂ": ["U", 0],
        "ൃ": ["R", 0],
        "ൄ": ["RR", 0],
        "െ": ["e", 0, "ാ"],
        "ൊ": ["o", 0, "", 31],
        "േ": ["E", 0, "ാ"],
        "ോ": ["O", 0, "", 29],
        "ൈ": ["ai", 0],
        "ൊ": ["o", 0],
        "ോ": ["O", 0],
        "ൌ": ["au", 0, "", 33],
        "്": ["", 2],
        "ൗ": ["au", 0],
        "ൠ": ["RR", 2],
        "ൡ": ["LRR", 2],
        "ൢ": ["LR", 0],
        "ൣ": ["LRR", 0],
        "൦": [".0", 2],
        "൧": [".1", 2],
        "൨": [".2", 2],
        "൩": [".3", 2],
        "൪": [".4", 2],
        "൫": [".5", 2],
        "൬": [".6", 2],
        "൭": [".7", 2],
        "൮": [".8", 2],
        "൯": [".9", 2],
        "൰": [".10", 2],
        "൱": [".100", 2],
        "൲": [".1000", 2],
        "ൺ": [".N", 1],
        "ൻ": [".n", 1],
        "ർ": [".r", 1],
        "ൽ": [".l", 1],
        "ൾ": [".L1", 1],
        "ൿ": [".k", 1],
        "᳚": ["#ss", 2],
        "᳛": ["#sss", 2],
        "₹": ["$$", 2],
        "↑": ["#s", 2, "↑"],
        "↑↑": ["#ss", 2, "↑"],
        "↑↑↑": ["#sss", 2],
        "↓": ["#an", 2]
    },
    "kram": [
        "ഓം",
        "അ",
        "അ",
        1,
        "ആ",
        "ാ",
        "ആ",
        "ാ",
        "ഇ",
        "ി",
        "ഈ",
        "ീ",
        "ഉ",
        "ു",
        "ഉ",
        "ു",
        "ഊ",
        "ൂ",
        "ഊ",
        "ൂ",
        "ഏ",
        "േ",
        "എ",
        "െ",
        "ഐ",
        "ൈ",
        "ഐ",
        "ൈ",
        "ഓ",
        "ോ",
        "ഒ",
        "ൊ",
        "ഔ",
        "ൗ",
        "ഔ",
        "ൗ",
        "ഋ",
        "ൃ",
        "ൠ",
        "ൄ",
        "ഌ",
        "ൢ",
        "ൡ",
        "ൣ",
        "ം",
        "ഁ",
        "ഃ",
        "ഽ",
        "്",
        1,
        "॰",
        "ക",
        "ക",
        "ഖ",
        "ഖ",
        "ഗ",
        "ഗ",
        "ഗ",
        "ഘ",
        "ങ",
        "ച",
        "ച",
        "ഛ",
        "ഛ",
        "ജ",
        "ജ",
        "ജ",
        "ഝ",
        "ഞ",
        "ത",
        "ഥ",
        "ദ",
        "ധ",
        "ന",
        "ഩ",
        "ട",
        "ഠ",
        "ഡ",
        "ഡ",
        "ഡ",
        "ഢ",
        "ഢ",
        "ണ",
        "പ",
        "ഫ",
        "ഫ",
        "ബ",
        "ബ",
        "ഭ",
        "മ",
        "യ",
        "യ",
        "വ",
        "ര",
        "റ",
        "ല",
        "ള",
        "ഴ",
        "ഹ",
        "സ",
        "ശ",
        "ഷ",
        "॒",
        "॑",
        "᳚",
        "᳛",
        "൦",
        "൧",
        "൨",
        "൩",
        "൪",
        "൫",
        "൬",
        "൭",
        "൮",
        "൯"
    ]
}