{
    "range": [
        [71168, 71263]
    ],
    "sa": 0,
    "a": {
        "a": ["𑘀", "", "aiu", 0],
        "ai": ["𑘋", "𑘺", "", 0],
        "au": ["𑘍", "𑘼", "", 0],
        "aa": ["𑘁", "𑘰", "", 0]
    },
    "A": {
        "A": ["𑘁", "𑘰", "U", 0],
        "AU": ["𑘁𑘅", "M", 2],
        "AUM": ["ॐ", "1", 2],
        "AUM1": ["卐", "", 2]
    },
    "i": {
        "i": ["𑘂", "𑘱", "i", 0],
        "ii": ["𑘃", "𑘲", "", 0]
    },
    "I": {
        "I": ["𑘃", "𑘲", "", 0]
    },
    "u": {
        "u": ["𑘄", "𑘳", "u", 0],
        "uu": ["𑘅", "𑘴", "", 0]
    },
    "U": {
        "U": ["𑘅", "𑘴", "", 0]
    },
    "e": {
        "e": ["𑘊", "𑘹", "e1", 0],
        "ee": ["𑘃", "𑘲", "", 0],
        "e1": ["𑘋", "𑘺", "", 0]
    },
    "o": {
        "o": ["𑘌", "𑘻", "o1", 0],
        "oo": ["𑘅", "𑘴", "", 0],
        "o1": ["𑘍", "𑘼", "", 0]
    },
    "R": {
        "R": ["𑘆", "𑘵", "R", 0],
        "RR": ["𑘇", "𑘶", "", 0]
    },
    "k": {
        "k": ["𑘎", "h", 1],
        "kh": ["𑘏", "", 1]
    },
    "g": {
        "g": ["𑘐", "h", 1],
        "gh": ["𑘑", "", 1]
    },
    "G": {
        "G": ["𑘒", "1", 1],
        "G1": ["𑘽", "", 2]
    },
    "c": {
        "c": ["c", "h", 2],
        "ch": ["𑘓", "h", 1],
        "chh": ["𑘔", "", 1]
    },
    "C": {
        "C": ["𑘓", "h", 1],
        "Ch": ["𑘔", "", 1]
    },
    "j": {
        "j": ["𑘕", "h", 1],
        "jh": ["𑘖", "", 1]
    },
    "J": {
        "J": ["𑘗", "1", 1],
        "J1": ["𑘽", "", 2]
    },
    "Y": {
        "Y": ["𑘗", "1", 1],
        "Y1": ["𑘽", "", 2]
    },
    "T": {
        "T": ["𑘘", "h", 1],
        "Th": ["𑘙", "", 1]
    },
    "D": {
        "D": ["𑘚", "h", 1],
        "Dh": ["𑘛", "", 1]
    },
    "N": {
        "N": ["𑘜", "1", 1],
        "N1": ["𑘽", "", 2]
    },
    "t": {
        "t": ["𑘝", "h1", 1],
        "th": ["𑘞", "1", 1],
        "t1": ["𑘘", "", 1],
        "th1": ["𑘙", "", 1]
    },
    "d": {
        "d": ["𑘟", "h1", 1],
        "dh": ["𑘠", "1", 1],
        "d1": ["𑘚", "", 1],
        "dh1": ["𑘛", "", 1]
    },
    "n": {
        "n": ["𑘡", "1234", 1],
        "n1": ["𑘽", "", 2],
        "n2": ["𑘜", "", 1],
        "n3": ["𑘒", "", 1],
        "n4": ["𑘗", "", 1]
    },
    "p": {
        "p": ["𑘢", "h", 1],
        "ph": ["𑘣", "", 1]
    },
    "f": {
        "f": ["𑘣", "", 1]
    },
    "b": {
        "b": ["𑘤", "h", 1],
        "bh": ["𑘥", "", 1]
    },
    "m": {
        "m": ["𑘦", "1", 1],
        "m1": ["𑘽", "m", 2],
        "m1m": ["𑙀", "", 2]
    },
    "x": {
        "x": ["𑘎𑘿𑘬", "", 1]
    },
    "y": {
        "y": ["𑘧", "", 1]
    },
    "r": {
        "r": ["𑘨", "3", 1],
        "r3": ["𑘆", "𑘵", "r", 0],
        "r3r": ["𑘇", "𑘶", "", 0]
    },
    "l": {
        "l": ["𑘩", "1", 1],
        "l1": ["𑘯", "", 1]
    },
    "L": {
        "L": ["𑘯", "R", 1],
        "LR": ["𑘈", "𑘷", "R", 0],
        "LRR": ["𑘉", "𑘸", "", 0]
    },
    "v": {
        "v": ["𑘪", "", 1]
    },
    "w": {
        "w": ["𑘪", "", 1]
    },
    "h": {
        "h": ["𑘮", "1", 1],
        "h1": ["𑘾", "", 2]
    },
    "s": {
        "s": ["𑘭", "h", 1],
        "sh": ["𑘫", "h", 1],
        "shh": ["𑘬", "", 1]
    },
    "S": {
        "S": ["S", "hW", 2],
        "Sh": ["𑘬", "", 1],
        "SW": ["SW", "S", 2],
        "SWS": ["卐", "", 2]
    },
    "M": {
        "M": ["𑘽", "M1", 2],
        "MM": ["𑙀", "", 2],
        "M1": ["𑙀", "", 2]
    },
    "H": {
        "H": ["𑘾", "", 2]
    },
    "Q": {
        "Q": ["॰", "Q", 2],
        "QQ": ["ऽ", "", 2]
    },
    "'": {
        "'": ["'", "'", 2],
        "''": ["ऽ", "", 2]
    },
    "$": {
        "$": ["$", "$", 2],
        "$$": ["₹", "", 2]
    },
    "q": {
        "q": ["q", "q", 2],
        "qq": ["𑘿", "", 2]
    },
    ".": {
        ".": ["𑙁", "x.1234567890aAiIuUeoRLqn", 2],
        "..": ["𑙂", "", 2],
        ".0": ["𑙐", "", 2],
        ".1": ["𑙑", "", 2],
        ".2": ["𑙒", "", 2],
        ".3": ["𑙓", "", 2],
        ".4": ["𑙔", "", 2],
        ".5": ["𑙕", "", 2],
        ".6": ["𑙖", "", 2],
        ".7": ["𑙗", "", 2],
        ".8": ["𑙘", "", 2],
        ".9": ["𑙙", "", 2],
        ".a": ["", "aiu", 2],
        ".i": ["𑘱", "i", 2],
        ".u": ["𑘳", "u", 2],
        ".e": ["𑘹", "e", 2],
        ".o": ["𑘻", "o", 2],
        ".L": [".L", "R", 2],
        ".LR": ["𑘷", "R", 2],
        ".R": ["𑘵", "R", 2],
        ".q": ["‌", "", 2],
        ".n": [".n", "234", 2],
        ".n2": ["²", "", 2],
        ".n3": ["³", "", 2],
        ".n4": ["⁴", "", 2],
        ".A": ["𑘰", "", 2],
        ".aa": ["𑘰", "", 2],
        ".I": ["𑘲", "", 2],
        ".ii": ["𑘲", "", 2],
        ".ee": ["𑘲", "", 2],
        ".U": ["𑘴", "", 2],
        ".uu": ["𑘴", "", 2],
        ".oo": ["𑘴", "", 2],
        ".ai": ["𑘺", "", 2],
        ".au": ["𑘼", "", 2],
        ".RR": ["𑘶", "", 2],
        ".LRR": ["𑘸", "", 2],
        ".x": ["𑘿", "", 2]
    },
    "#": {
        "#": ["#", "as", 2],
        "#a": ["#a", "n", 2],
        "#an": ["↓", "", 2],
        "#s": ["↑", "s", 2],
        "#ss": ["↑↑", "s", 2],
        "#sss": ["↑↑↑", "", 2]
    },
    "antar": {
        "ऽ": ["''", 2],
        "ॐ": ["AUM", 2],
        "॰": ["Q", 2],
        "₹": ["$$", 2],
        "↑": ["#s", 2, "↑"],
        "↑↑": ["#ss", 2, "↑"],
        "↑↑↑": ["#sss", 2],
        "↓": ["#an", 2],
        "𑘀": ["a", 2],
        "𑘁": ["A", 2],
        "𑘂": ["i", 2],
        "𑘃": ["I", 2],
        "𑘄": ["u", 2],
        "𑘅": ["U", 2],
        "𑘆": ["R", 2],
        "𑘇": ["RR", 2],
        "𑘈": ["LR", 2],
        "𑘉": ["LRR", 2],
        "𑘊": ["e", 2],
        "𑘋": ["ai", 2],
        "𑘌": ["o", 2],
        "𑘍": ["au", 2],
        "𑘎": ["k", 1],
        "𑘏": ["kh", 1],
        "𑘐": ["g", 1],
        "𑘑": ["gh", 1],
        "𑘒": ["G", 1],
        "𑘓": ["ch", 1],
        "𑘔": ["chh", 1],
        "𑘕": ["j", 1],
        "𑘖": ["jh", 1],
        "𑘗": ["Y", 1],
        "𑘘": ["T", 1],
        "𑘙": ["Th", 1],
        "𑘚": ["D", 1],
        "𑘛": ["Dh", 1],
        "𑘜": ["N", 1],
        "𑘝": ["t", 1],
        "𑘞": ["th", 1],
        "𑘟": ["d", 1],
        "𑘠": ["dh", 1],
        "𑘡": ["n", 1],
        "𑘢": ["p", 1],
        "𑘣": ["ph", 1],
        "𑘤": ["b", 1],
        "𑘥": ["bh", 1],
        "𑘦": ["m", 1],
        "𑘧": ["y", 1],
        "𑘨": ["r", 1],
        "𑘩": ["l", 1],
        "𑘪": ["v", 1],
        "𑘫": ["sh", 1],
        "𑘬": ["Sh", 1],
        "𑘭": ["s", 1],
        "𑘮": ["h", 1],
        "𑘯": ["L", 1],
        "𑘰": ["A", 0],
        "𑘱": ["i", 0],
        "𑘲": ["I", 0],
        "𑘳": ["u", 0],
        "𑘴": ["U", 0],
        "𑘵": ["R", 0],
        "𑘶": ["RR", 0],
        "𑘷": ["LR", 0],
        "𑘸": ["LRR", 0],
        "𑘹": ["e", 0],
        "𑘺": ["ai", 0],
        "𑘻": ["o", 0],
        "𑘼": ["au", 0],
        "𑘽": ["M", 2],
        "𑘾": ["H", 2],
        "𑘿": ["", 2],
        "𑙀": ["MM", 2],
        "𑙁": [".", 2],
        "𑙂": ["..", 2],
        "𑙐": [".0", 2],
        "𑙑": [".1", 2],
        "𑙒": [".2", 2],
        "𑙓": [".3", 2],
        "𑙔": [".4", 2],
        "𑙕": [".5", 2],
        "𑙖": [".6", 2],
        "𑙗": [".7", 2],
        "𑙘": [".8", 2],
        "𑙙": [".9", 2]
    },
    "kram": [
        "ॐ",
        "𑘀",
        "𑘀",
        1,
        "𑘁",
        "𑘰",
        "𑘁",
        "𑘰",
        "𑘂",
        "𑘱",
        "𑘃",
        "𑘲",
        "𑘄",
        "𑘳",
        "𑘄",
        "𑘳",
        "𑘅",
        "𑘴",
        "𑘅",
        "𑘴",
        "𑘊",
        "𑘹",
        "𑘊",
        "𑘹",
        "𑘋",
        "𑘺",
        "𑘋",
        "𑘺",
        "𑘌",
        "𑘻",
        "𑘌",
        "𑘻",
        "𑘍",
        "𑘼",
        "𑘍",
        "𑘼",
        "𑘆",
        "𑘵",
        "𑘇",
        "𑘶",
        "𑘈",
        "𑘷",
        "𑘉",
        "𑘸",
        "𑘽",
        "𑙀",
        "𑘾",
        "ऽ",
        "𑘿",
        1,
        "॰",
        "𑘎",
        "𑘎",
        "𑘏",
        "𑘏",
        "𑘐",
        "𑘐",
        "𑘐",
        "𑘑",
        "𑘒",
        "𑘓",
        "𑘓",
        "𑘔",
        "𑘔",
        "𑘕",
        "𑘕",
        "𑘕",
        "𑘖",
        "𑘗",
        "𑘝",
        "𑘞",
        "𑘟",
        "𑘠",
        "𑘡",
        "𑘡",
        "𑘘",
        "𑘙",
        "𑘚",
        "𑘚",
        "𑘚",
        "𑘛",
        "𑘛",
        "𑘜",
        "𑘢",
        "𑘣",
        "𑘣",
        "𑘤",
        "𑘤",
        "𑘥",
        "𑘦",
        "𑘧",
        "𑘧",
        "𑘪",
        "𑘨",
        "𑘨",
        "𑘩",
        "𑘯",
        "𑘯",
        "𑘮",
        "𑘭",
        "𑘫",
        "𑘬",
        "↓",
        "↑",
        "↑↑",
        "↑↑↑",
        "𑙐",
        "𑙑",
        "𑙒",
        "𑙓",
        "𑙔",
        "𑙕",
        "𑙖",
        "𑙗",
        "𑙘",
        "𑙙"
    ]
}