{
    "range": [
        [2816, 2943]
    ],
    "sa": 0,
    "a": {
        "a": ["ଅ", "", "aiu", 0],
        "ai": ["ଐ", "ୈ", "", 0],
        "au": ["ଔ", "ୌ", "", 0],
        "aa": ["ଆ", "ା", "", 0]
    },
    "A": {
        "A": ["ଆ", "ା", "U", 0],
        "AU": ["ଆଊ", "M", 2],
        "AUM": ["ଓଁ", "12", 2],
        "AUM1": ["ॐ", "", 2],
        "AUM2": ["卐", "", 2]
    },
    "i": {
        "i": ["ଇ", "ି", "i", 0],
        "ii": ["ଈ", "ୀ", "", 0]
    },
    "I": {
        "I": ["ଈ", "ୀ", "", 0]
    },
    "u": {
        "u": ["ଉ", "ୁ", "u", 0],
        "uu": ["ଊ", "ୂ", "", 0]
    },
    "U": {
        "U": ["ଊ", "ୂ", "", 0]
    },
    "e": {
        "e": ["ଏ", "େ", "e1", 0],
        "ee": ["ଈ", "ୀ", "", 0],
        "e1": ["ଐ", "ୈ", "", 0]
    },
    "o": {
        "o": ["ଓ", "ୋ", "o1", 0],
        "oo": ["ଊ", "ୂ", "", 0],
        "o1": ["ଔ", "ୌ", "", 0]
    },
    "R": {
        "R": ["ଋ", "ୃ", "R", 0],
        "RR": ["ୠ", "ୄ", "", 0]
    },
    "k": {
        "k": ["କ", "hz", 1],
        "kh": ["ଖ", "z", 1],
        "kz": ["କ଼", "", 1],
        "khz": ["ଖ଼", "", 1]
    },
    "g": {
        "g": ["ଗ", "hz", 1],
        "gh": ["ଘ", "", 1],
        "gz": ["ଗ଼", "", 1]
    },
    "G": {
        "G": ["ଙ", "1", 1],
        "G1": ["ଂ", "", 2]
    },
    "c": {
        "c": ["c", "h", 2],
        "ch": ["ଚ", "hz", 1],
        "chh": ["ଛ", "z", 1],
        "chz": ["ଚ଼", "", 1],
        "chhz": ["ଛ଼", "", 1]
    },
    "C": {
        "C": ["ଚ", "hz", 1],
        "Ch": ["ଛ", "z", 1],
        "Cz": ["ଚ଼", "", 1],
        "Chz": ["ଛ଼", "", 1]
    },
    "j": {
        "j": ["ଜ", "hz", 1],
        "jh": ["ଝ", "", 1],
        "jz": ["ଜ଼", "", 1]
    },
    "J": {
        "J": ["ଞ", "1", 1],
        "J1": ["ଂ", "", 2]
    },
    "Y": {
        "Y": ["ଞ", "1", 1],
        "Y1": ["ଂ", "", 2]
    },
    "T": {
        "T": ["ଟ", "h", 1],
        "Th": ["ଠ", "", 1]
    },
    "D": {
        "D": ["ଡ", "hz", 1],
        "Dz": ["ଡ଼", "", 1],
        "Dh": ["ଢ", "z", 1],
        "Dhz": ["ଢ଼", "", 1]
    },
    "N": {
        "N": ["ଣ", "1", 1],
        "N1": ["ଂ", "", 2]
    },
    "t": {
        "t": ["ତ", "h1", 1],
        "th": ["ଥ", "1", 1],
        "t1": ["ଟ", "", 1],
        "th1": ["ଠ", "", 1]
    },
    "d": {
        "d": ["ଦ", "h12", 1],
        "dh": ["ଧ", "12", 1],
        "d1": ["ଡ", "", 1],
        "dh1": ["ଢ", "", 1],
        "d2": ["ଡ଼", "", 1],
        "dh2": ["ଢ଼", "", 1]
    },
    "n": {
        "n": ["ନ", "1234z", 1],
        "n1": ["ଂ", "", 2],
        "n2": ["ଣ", "", 1],
        "n3": ["ଙ", "", 1],
        "n4": ["ଞ", "", 1],
        "nz": ["ନ଼", "", 1]
    },
    "p": {
        "p": ["ପ", "h", 1],
        "ph": ["ଫ", "z", 1],
        "phz": ["ଫ଼", "", 1]
    },
    "f": {
        "f": ["ଫ", "z", 1],
        "fz": ["ଫ଼", "", 1]
    },
    "b": {
        "b": ["ବ", "h", 1],
        "bh": ["ଭ", "", 1]
    },
    "m": {
        "m": ["ମ", "1", 1],
        "m1": ["ଂ", "m", 2],
        "m1m": ["ଁ", "", 2]
    },
    "x": {
        "x": ["କ୍ଷ", "", 1]
    },
    "y": {
        "y": ["ୟ", "z1", 1],
        "y1": ["ଯ", "", 1],
        "yz": ["ଯ", "", 1]
    },
    "r": {
        "r": ["ର", "1z3", 1],
        "r1": ["ଡ଼", "h", 1],
        "r1h": ["ଢ଼", "", 1],
        "rz": ["ର଼", "", 1],
        "r3": ["ଋ", "ୃ", "r", 0],
        "r3r": ["ୠ", "ୄ", "", 0]
    },
    "l": {
        "l": ["ଲ", "1", 1],
        "l1": ["ଳ", "", 1]
    },
    "L": {
        "L": ["ଳ", "Rz", 1],
        "LR": ["ଌ", "ୢ", "R", 0],
        "LRR": ["ୡ", "ୣ", "", 0],
        "Lz": ["ଳ଼", "", 1]
    },
    "v": {
        "v": ["ଵ", "1", 1],
        "v1": ["ୱ", "", 1]
    },
    "w": {
        "w": ["ୱ", "1", 1],
        "w1": ["ଵ", "", 1]
    },
    "h": {
        "h": ["ହ", "1", 1],
        "h1": ["ଃ", "", 2]
    },
    "s": {
        "s": ["ସ", "h", 1],
        "sh": ["ଶ", "h", 1],
        "shh": ["ଷ", "", 1]
    },
    "S": {
        "S": ["S", "hW", 2],
        "Sh": ["ଷ", "", 1],
        "SW": ["SW", "S", 2],
        "SWS": ["卐", "", 2]
    },
    "z": {
        "z": ["ଜ଼", "", 1]
    },
    "M": {
        "M": ["ଂ", "M1", 2],
        "MM": ["ଁ", "", 2],
        "M1": ["ଁ", "", 2]
    },
    "H": {
        "H": ["ଃ", "", 2]
    },
    "Q": {
        "Q": ["॰", "Q", 2],
        "QQ": ["ଽ", "", 2]
    },
    "'": {
        "'": ["'", "'", 2],
        "''": ["ଽ", "", 2]
    },
    "$": {
        "$": ["$", "$", 2],
        "$$": ["₹", "", 2]
    },
    "q": {
        "q": ["q", "q", 2],
        "qq": ["୍", "", 2]
    },
    ".": {
        ".": ["।", "x.1234567890saAizIuUeoRLqn", 2],
        "..": ["॥", "", 2],
        ".s": ["୰", "", 2],
        ".z": ["଼", "", 2],
        ".0": ["୦", "", 2],
        ".1": ["୧", "", 2],
        ".2": ["୨", "", 2],
        ".3": ["୩", "", 2],
        ".4": ["୪", "", 2],
        ".5": ["୫", "", 2],
        ".6": ["୬", "", 2],
        ".7": ["୭", "", 2],
        ".8": ["୮", "", 2],
        ".9": ["୯", "", 2],
        ".a": ["", "aiu", 2],
        ".i": ["ି", "i", 2],
        ".u": ["ୁ", "u", 2],
        ".e": ["େ", "e", 2],
        ".o": ["ୋ", "o", 2],
        ".L": [".L", "R", 2],
        ".LR": ["ୢ", "R", 2],
        ".R": ["ୃ", "R", 2],
        ".q": ["‌", "", 2],
        ".n": [".n", "234", 2],
        ".n2": ["²", "", 2],
        ".n3": ["³", "", 2],
        ".n4": ["⁴", "", 2],
        ".A": ["ା", "", 2],
        ".aa": ["ା", "", 2],
        ".I": ["ୀ", "", 2],
        ".ii": ["ୀ", "", 2],
        ".ee": ["ୀ", "", 2],
        ".U": ["ୂ", "", 2],
        ".uu": ["ୂ", "", 2],
        ".oo": ["ୂ", "", 2],
        ".ai": ["ୈ", "", 2],
        ".au": ["ୌ", "", 2],
        ".RR": ["ୄ", "", 2],
        ".LRR": ["ୣ", "", 2],
        ".x": ["୍", "", 2]
    },
    "#": {
        "#": ["#", "as", 2],
        "#a": ["#a", "n", 2],
        "#an": ["॒", "1", 2],
        "#s": ["॑", "s1", 2],
        "#ss": ["᳚", "s1", 2],
        "#sss": ["᳛", "1", 2],
        "#an1": ["↓", "", 2],
        "#s1": ["↑", "", 2],
        "#ss1": ["↑↑", "", 2],
        "#sss1": ["↑↑↑", "", 2]
    },
    "antar": {
        "ॐ": ["AUM", 2],
        "॑": ["#s", 2],
        "॒": ["#an", 2],
        "।": [".", 2],
        "॥": ["..", 2],
        "॰": ["Q", 2],
        "ଁ": ["MM", 2],
        "ଂ": ["M", 2],
        "ଃ": ["H", 2],
        "ଅ": ["a", 2],
        "ଆ": ["A", 2],
        "ଇ": ["i", 2],
        "ଈ": ["I", 2],
        "ଉ": ["u", 2],
        "ଊ": ["U", 2],
        "ଋ": ["R", 2],
        "ଌ": ["LR", 2],
        "ଏ": ["e", 2],
        "ଐ": ["ai", 2],
        "ଓ": ["o", 2, "ଁ"],
        "ଓଁ": ["AUM", 2],
        "ଔ": ["au", 2],
        "କ": ["k", 1, "଼"],
        "କ଼": ["kz", 1],
        "ଖ": ["kh", 1, "଼"],
        "ଖ଼": ["khz", 1],
        "ଗ": ["g", 1, "଼"],
        "ଗ଼": ["gz", 1],
        "ଘ": ["gh", 1],
        "ଙ": ["G", 1],
        "ଚ": ["ch", 1, "଼"],
        "ଚ଼": ["Cz", 1],
        "ଛ": ["chh", 1, "଼"],
        "ଛ଼": ["Chz", 1],
        "ଜ": ["j", 1, "଼"],
        "ଜ଼": ["jz", 1],
        "ଝ": ["jh", 1],
        "ଞ": ["Y", 1],
        "ଟ": ["T", 1],
        "ଠ": ["Th", 1],
        "ଡ": ["D", 1, "଼"],
        "ଡ଼": ["Dz", 1, "", 78],
        "ଢ": ["Dh", 1, "଼"],
        "ଢ଼": ["Dhz", 1, "", 81],
        "ଣ": ["N", 1],
        "ତ": ["t", 1],
        "ଥ": ["th", 1],
        "ଦ": ["d", 1],
        "ଧ": ["dh", 1],
        "ନ": ["n", 1, "଼"],
        "ନ଼": ["nz", 1],
        "ପ": ["p", 1],
        "ଫ": ["ph", 1, "଼"],
        "ଫ଼": ["phz", 1],
        "ବ": ["b", 1],
        "ଭ": ["bh", 1],
        "ମ": ["m", 1],
        "ଯ": ["y", 1],
        "ର": ["r", 1, "଼"],
        "ର଼": ["rz", 1],
        "ଲ": ["l", 1],
        "ଳ": ["L", 1, "଼"],
        "ଳ଼": ["Lz", 1],
        "ଵ": ["v", 1],
        "ଶ": ["sh", 1],
        "ଷ": ["Sh", 1],
        "ସ": ["s", 1],
        "ହ": ["h", 1],
        "଼": [".z", 2],
        "ଽ": ["''", 2],
        "ା": ["A", 0],
        "ି": ["i", 0],
        "ୀ": ["I", 0],
        "ୁ": ["u", 0],
        "ୂ": ["U", 0],
        "ୃ": ["R", 0],
        "ୄ": ["RR", 0],
        "େ": ["e", 0, "ୖୗା"],
        "ୋ": ["o", 0, "", 29],
        "ୈ": ["ai", 0, "", 25],
        "ୌ": ["au", 0, "", 33],
        "ୈ": ["ai", 0],
        "ୋ": ["o", 0],
        "ୌ": ["au", 0],
        "୍": ["", 2],
        "ଡ଼": ["Dz", 1],
        "ଢ଼": ["Dhz", 1],
        "ୟ": ["y", 1],
        "ୠ": ["RR", 2],
        "ୡ": ["LRR", 2],
        "ୢ": ["LR", 0],
        "ୣ": ["LRR", 0],
        "୦": [".0", 2],
        "୧": [".1", 2],
        "୨": [".2", 2],
        "୩": [".3", 2],
        "୪": [".4", 2],
        "୫": [".5", 2],
        "୬": [".6", 2],
        "୭": [".7", 2],
        "୮": [".8", 2],
        "୯": [".9", 2],
        "୰": [".s", 2],
        "ୱ": ["v", 1],
        "᳚": ["#ss", 2],
        "᳛": ["#sss", 2],
        "₹": ["$$", 2],
        "↑": ["#s", 2, "↑"],
        "↑↑": ["#ss", 2, "↑"],
        "↑↑↑": ["#sss", 2],
        "↓": ["#an", 2]
    },
    "kram": [
        "ଓଁ",
        "ଅ",
        "ଅ",
        1,
        "ଆ",
        "ା",
        "ଆ",
        "ା",
        "ଇ",
        "ି",
        "ଈ",
        "ୀ",
        "ଉ",
        "ୁ",
        "ଉ",
        "ୁ",
        "ଊ",
        "ୂ",
        "ଊ",
        "ୂ",
        "ଏ",
        "େ",
        "ଏ",
        "େ",
        "ଐ",
        "ୈ",
        "ଐ",
        "ୈ",
        "ଓ",
        "ୋ",
        "ଓ",
        "ୋ",
        "ଔ",
        "ୌ",
        "ଔ",
        "ୌ",
        "ଋ",
        "ୃ",
        "ୠ",
        "ୄ",
        "ଌ",
        "ୢ",
        "ୡ",
        "ୣ",
        "ଂ",
        "ଁ",
        "ଃ",
        "ଽ",
        "୍",
        "଼",
        "॰",
        "କ",
        "କ଼",
        "ଖ",
        "ଖ଼",
        "ଗ",
        "ଗ଼",
        "ଗ",
        "ଘ",
        "ଙ",
        "ଚ",
        "ଚ",
        "ଛ",
        "ଛ",
        "ଜ",
        "ଜ଼",
        "ଜ",
        "ଝ",
        "ଞ",
        "ତ",
        "ଥ",
        "ଦ",
        "ଧ",
        "ନ",
        "ନ଼",
        "ଟ",
        "ଠ",
        "ଡ",
        "ଡ଼",
        "ଡ",
        "ଢ",
        "ଢ଼",
        "ଣ",
        "ପ",
        "ଫ",
        "ଫ଼",
        "ବ",
        "ବ",
        "ଭ",
        "ମ",
        "ୟ",
        "ଯ",
        "ଵ",
        "ର",
        "ର଼",
        "ଲ",
        "ଳ",
        "ଳ",
        "ହ",
        "ସ",
        "ଶ",
        "ଷ",
        "॒",
        "॑",
        "᳚",
        "᳛",
        "୦",
        "୧",
        "୨",
        "୩",
        "୪",
        "୫",
        "୬",
        "୭",
        "୮",
        "୯"
    ]
}