{
    "range": [
        [2560, 2687]
    ],
    "sa": 0,
    "a": {
        "a": ["ਅ", "", "aiu", 0],
        "ai": ["ਐ", "ੈ", "", 0],
        "au": ["ਔ", "ੌ", "", 0],
        "aa": ["ਆ", "ਾ", "", 0]
    },
    "A": {
        "A": ["ਆ", "ਾ", "U", 0],
        "AU": ["ਆਊ", "M", 2],
        "AUM": ["ੴ", "12", 2],
        "AUM1": ["ॐ", "", 2],
        "AUM2": ["卐", "", 2]
    },
    "i": {
        "i": ["ਇ", "ਿ", "i", 0],
        "ii": ["ਈ", "ੀ", "", 0]
    },
    "I": {
        "I": ["ਈ", "ੀ", "", 0]
    },
    "u": {
        "u": ["ਉ", "ੁ", "u", 0],
        "uu": ["ਊ", "ੂ", "", 0]
    },
    "U": {
        "U": ["ਊ", "ੂ", "", 0]
    },
    "e": {
        "e": ["ਏ", "ੇ", "e1", 0],
        "ee": ["ਈ", "ੀ", "", 0],
        "e1": ["ਐ", "ੈ", "", 0]
    },
    "o": {
        "o": ["ਓ", "ੋ", "o1", 0],
        "oo": ["ਊ", "ੂ", "", 0],
        "o1": ["ਔ", "ੌ", "", 0]
    },
    "R": {
        "R": ["ਰਿ", "R", 1],
        "RR": ["ਰੀ", "", 1]
    },
    "k": {
        "k": ["ਕ", "hz", 1],
        "kh": ["ਖ", "z", 1],
        "khz": ["ਖ਼", "", 1],
        "kz": ["ਕ਼", "", 1]
    },
    "g": {
        "g": ["ਗ", "hz", 1],
        "gz": ["ਗ਼", "", 1],
        "gh": ["ਘ", "", 1]
    },
    "G": {
        "G": ["ਙ", "1", 1],
        "G1": ["ਂ", "", 2]
    },
    "c": {
        "c": ["c", "h", 2],
        "ch": ["ਚ", "hz", 1],
        "chh": ["ਛ", "z", 1],
        "chz": ["ਚ਼", "", 1],
        "chhz": ["ਛ਼", "", 1]
    },
    "C": {
        "C": ["ਚ", "hz", 1],
        "Ch": ["ਛ", "z", 1],
        "Cz": ["ਚ਼", "", 1],
        "Chz": ["ਛ਼", "", 1]
    },
    "j": {
        "j": ["ਜ", "hz", 1],
        "jz": ["ਜ਼", "", 1],
        "jh": ["ਝ", "", 1]
    },
    "J": {
        "J": ["ਞ", "1", 1],
        "J1": ["ਂ", "", 2]
    },
    "Y": {
        "Y": ["ਞ", "1", 1],
        "Y1": ["ਂ", "", 2]
    },
    "T": {
        "T": ["ਟ", "h", 1],
        "Th": ["ਠ", "", 1]
    },
    "D": {
        "D": ["ਡ", "hz", 1],
        "Dz": ["ੜ", "", 1],
        "Dh": ["ਢ", "z", 1],
        "Dhz": ["ੜ੍ਹ", "", 1]
    },
    "N": {
        "N": ["ਣ", "1", 1],
        "N1": ["ਂ", "", 2]
    },
    "t": {
        "t": ["ਤ", "h1", 1],
        "th": ["ਥ", "1", 1],
        "t1": ["ਟ", "", 1],
        "th1": ["ਠ", "", 1]
    },
    "d": {
        "d": ["ਦ", "h12", 1],
        "dh": ["ਧ", "12", 1],
        "d1": ["ਡ", "", 1],
        "dh1": ["ਢ", "", 1],
        "d2": ["ੜ", "", 1],
        "dh2": ["ੜ੍ਹ", "", 1]
    },
    "n": {
        "n": ["ਨ", "1234z", 1],
        "n1": ["ਂ", "", 2],
        "n2": ["ਣ", "", 1],
        "n3": ["ਙ", "", 1],
        "n4": ["ਞ", "", 1],
        "nz": ["ਨ਼", "", 1]
    },
    "p": {
        "p": ["ਪ", "h", 1],
        "ph": ["ਫ", "z", 1],
        "phz": ["ਫ਼", "", 1]
    },
    "f": {
        "f": ["ਫ", "z", 1],
        "fz": ["ਫ਼", "", 1]
    },
    "b": {
        "b": ["ਬ", "h", 1],
        "bh": ["ਭ", "", 1]
    },
    "m": {
        "m": ["ਮ", "1", 1],
        "m1": ["ਂ", "m", 2],
        "m1m": ["ਁ", "", 2]
    },
    "x": {
        "x": ["ਕ੍ਸ਼", "", 1]
    },
    "y": {
        "y": ["ਯ", "z", 1],
        "yz": ["ਯ਼", "", 1]
    },
    "r": {
        "r": ["ਰ", "1z3", 1],
        "r1": ["ੜ", "h", 1],
        "r1h": ["ੜ੍ਹ", "", 1],
        "rz": ["ਰ਼", "", 1],
        "r3": ["ਰਿ", "r", 2],
        "r3r": ["ਰੀ", "", 2]
    },
    "l": {
        "l": ["ਲ", "1", 1],
        "l1": ["ਲ਼", "", 1]
    },
    "L": {
        "L": ["ਲ਼", "R", 1],
        "LR": ["ਲ੍ਰਿ", "R", 1],
        "LRR": ["ਲ੍ਰੀ", "", 1]
    },
    "v": {
        "v": ["ਵ", "", 1]
    },
    "w": {
        "w": ["ਵ", "", 1]
    },
    "h": {
        "h": ["ਹ", "1", 1],
        "h1": ["ਃ", "", 2]
    },
    "s": {
        "s": ["ਸ", "h", 1],
        "sh": ["ਸ਼", "h", 1],
        "shh": ["ਸ਼", "", 1]
    },
    "S": {
        "S": ["S", "hW", 2],
        "Sh": ["ਸ਼", "", 1],
        "SW": ["SW", "S", 2],
        "SWS": ["卐", "", 2]
    },
    "z": {
        "z": ["ਜ਼", "", 1]
    },
    "M": {
        "M": ["ਂ", "M21", 2],
        "MM": ["ਁ", "", 2],
        "M2": ["ੰ", "", 2],
        "M1": ["ਁ", "", 2]
    },
    "H": {
        "H": ["ਃ", "", 2]
    },
    "Q": {
        "Q": ["॰", "Q", 2],
        "QQ": ["ઽ", "", 2]
    },
    "'": {
        "'": ["'", "'", 2],
        "''": ["ઽ", "", 2]
    },
    "$": {
        "$": ["$", "$", 2],
        "$$": ["₹", "", 2]
    },
    "q": {
        "q": ["q", "q", 2],
        "qq": ["੍", "", 2]
    },
    ".": {
        ".": ["।", "x.1234567890zkKaAiIuUeoqn", 2],
        "..": ["॥", "", 2],
        ".z": ["਼", "", 2],
        ".k": ["ੳ", "", 1],
        ".K": ["ੲ", "", 1],
        ".0": ["੦", "", 2],
        ".1": ["੧", "", 2],
        ".2": ["੨", "", 2],
        ".3": ["੩", "", 2],
        ".4": ["੪", "", 2],
        ".5": ["੫", "", 2],
        ".6": ["੬", "", 2],
        ".7": ["੭", "", 2],
        ".8": ["੮", "", 2],
        ".9": ["੯", "", 2],
        ".a": ["", "aiu", 2],
        ".i": ["ਿ", "i", 2],
        ".u": ["ੁ", "u", 2],
        ".e": ["ੇ", "e", 2],
        ".o": ["ੋ", "o", 2],
        ".q": ["‌", "", 2],
        ".n": [".n", "234", 2],
        ".n2": ["²", "", 2],
        ".n3": ["³", "", 2],
        ".n4": ["⁴", "", 2],
        ".A": ["ਾ", "", 2],
        ".aa": ["ਾ", "", 2],
        ".I": ["ੀ", "", 2],
        ".ii": ["ੀ", "", 2],
        ".ee": ["ੀ", "", 2],
        ".U": ["ੂ", "", 2],
        ".uu": ["ੂ", "", 2],
        ".oo": ["ੂ", "", 2],
        ".ai": ["ੈ", "", 2],
        ".au": ["ੌ", "", 2],
        ".x": ["੍", "", 2]
    },
    "#": {
        "#": ["#", "as", 2],
        "#a": ["#a", "n", 2],
        "#an": ["॒", "1", 2],
        "#s": ["॑", "s1", 2],
        "#ss": ["᳚", "s1", 2],
        "#sss": ["᳛", "1", 2],
        "#an1": ["↓", "", 2],
        "#s1": ["↑", "", 2],
        "#ss1": ["↑↑", "", 2],
        "#sss1": ["↑↑↑", "", 2]
    },
    "antar": {
        "ॐ": ["AUM", 2],
        "॑": ["#s", 2],
        "॒": ["#an", 2],
        "।": [".", 2],
        "॥": ["..", 2],
        "॰": ["Q", 2],
        "ਁ": ["MM", 2],
        "ਂ": ["M", 2],
        "ਃ": ["H", 2],
        "ਅ": ["a", 2],
        "ਆ": ["A", 2],
        "ਇ": ["i", 2],
        "ਈ": ["I", 2],
        "ਉ": ["u", 2],
        "ਊ": ["U", 2],
        "ਏ": ["e", 2],
        "ਐ": ["ai", 2],
        "ਓ": ["o", 2],
        "ਔ": ["au", 2],
        "ਕ": ["k", 1, "਼"],
        "ਕ਼": ["kz", 1],
        "ਖ": ["kh", 1, "਼"],
        "ਖ਼": ["khz", 1, "", 54],
        "ਗ": ["g", 1, "਼"],
        "ਗ਼": ["gz", 1, "", 56],
        "ਘ": ["gh", 1],
        "ਙ": ["G", 1],
        "ਚ": ["ch", 1, "਼"],
        "ਚ਼": ["Cz", 1],
        "ਛ": ["chh", 1, "਼"],
        "ਛ਼": ["Chz", 1],
        "ਜ": ["j", 1, "਼"],
        "ਜ਼": ["jz", 1, "", 65],
        "ਝ": ["jh", 1],
        "ਞ": ["Y", 1],
        "ਟ": ["T", 1],
        "ਠ": ["Th", 1],
        "ਡ": ["D", 1, "਼"],
        "ਡ਼": ["Dz", 1, "", 78],
        "ਢ": ["Dh", 1],
        "ਣ": ["N", 1],
        "ਤ": ["t", 1],
        "ਥ": ["th", 1],
        "ਦ": ["d", 1],
        "ਧ": ["dh", 1],
        "ਨ": ["n", 1, "਼"],
        "ਨ਼": ["nz", 1],
        "ਪ": ["p", 1],
        "ਫ": ["ph", 1, "਼"],
        "ਫ਼": ["phz", 1, "", 85],
        "ਬ": ["b", 1],
        "ਭ": ["bh", 1],
        "ਮ": ["m", 1],
        "ਯ": ["y", 1, "਼"],
        "ਯ਼": ["yz", 1],
        "ਰ": ["r", 1, "਼ੀ"],
        "ਰ਼": ["rz", 1],
        "ਰੀ": ["RR", 1],
        "ਲ": ["l", 1, "਼"],
        "ਲ਼": ["L", 1],
        "ਵ": ["v", 1],
        "ਸ਼": ["sh", 1],
        "ਸ": ["s", 1],
        "ਹ": ["h", 1],
        "਼": [".z", 2],
        "ਾ": ["A", 0],
        "ਿ": ["i", 0],
        "ੀ": ["I", 0],
        "ੁ": ["u", 0],
        "ੂ": ["U", 0],
        "ੇ": ["e", 0],
        "ੈ": ["ai", 0],
        "ੋ": ["o", 0],
        "ੌ": ["au", 0],
        "੍": ["", 2],
        "ਖ਼": ["khz", 1],
        "ਗ਼": ["gz", 1],
        "ਜ਼": ["jz", 1],
        "ੜ": ["Dz", 1],
        "ਫ਼": ["phz", 1],
        "੦": [".0", 2],
        "੧": [".1", 2],
        "੨": [".2", 2],
        "੩": [".3", 2],
        "੪": [".4", 2],
        "੫": [".5", 2],
        "੬": [".6", 2],
        "੭": [".7", 2],
        "੮": [".8", 2],
        "੯": [".9", 2],
        "ੰ": ["M", 2],
        "ੱ": ["W", 2],
        "ੲ": [".K", 1],
        "ੳ": [".k", 1],
        "ੴ": ["AUM", 2],
        "ઽ": ["''", 2],
        "᳚": ["#ss", 2],
        "᳛": ["#sss", 2],
        "₹": ["$$", 2],
        "↑": ["#s", 2, "↑"],
        "↑↑": ["#ss", 2, "↑"],
        "↑↑↑": ["#sss", 2],
        "↓": ["#an", 2]
    },
    "kram": [
        "ੴ",
        "ਅ",
        "ਅ",
        1,
        "ਆ",
        "ਾ",
        "ਆ",
        "ਾ",
        "ਇ",
        "ਿ",
        "ਈ",
        "ੀ",
        "ਉ",
        "ੁ",
        "ਉ",
        "ੁ",
        "ਊ",
        "ੂ",
        "ਊ",
        "ੂ",
        "ਏ",
        "ੇ",
        "ਏ",
        "ੇ",
        "ਐ",
        "ੈ",
        "ਐ",
        "ੈ",
        "ਓ",
        "ੋ",
        "ਓ",
        "ੋ",
        "ਔ",
        "ੌ",
        "ਔ",
        "ੌ",
        "ਰਿ",
        "੍ਰਿ",
        "ਰੀ",
        "੍ਰੀ",
        "ਲ੍ਰਿ",
        "੍ਲ੍ਰਿ",
        "ਲ੍ਰੀ",
        "੍ਲ੍ਰੀ",
        "ਂ",
        "ਁ",
        "ਃ",
        "ઽ",
        "੍",
        "਼",
        "॰",
        "ਕ",
        "ਕ਼",
        "ਖ",
        "ਖ਼",
        "ਗ",
        "ਗ਼",
        "ਗ",
        "ਘ",
        "ਙ",
        "ਚ",
        "ਚ",
        "ਛ",
        "ਛ",
        "ਜ",
        "ਜ਼",
        "ਜ",
        "ਝ",
        "ਞ",
        "ਤ",
        "ਥ",
        "ਦ",
        "ਧ",
        "ਨ",
        "ਨ਼",
        "ਟ",
        "ਠ",
        "ਡ",
        "ੜ",
        "ਡ",
        "ਢ",
        "ੜ੍ਹ",
        "ਣ",
        "ਪ",
        "ਫ",
        "ਫ਼",
        "ਬ",
        "ਬ",
        "ਭ",
        "ਮ",
        "ਯ",
        "ਯ",
        "ਵ",
        "ਰ",
        "ਰ਼",
        "ਲ",
        "ਲ਼",
        "ਲ਼",
        "ਹ",
        "ਸ",
        "ਸ਼",
        "ਸ਼",
        "॒",
        "॑",
        "᳚",
        "᳛",
        "੦",
        "੧",
        "੨",
        "੩",
        "੪",
        "੫",
        "੬",
        "੭",
        "੮",
        "੯"
    ],
    "W": {
        "W": ["ੱ", "", 2]
    }
}