{
    "range": [
        [2304, 2431],
        [7376, 7423],
        [43232, 43263]
    ],
    "sa": 1,
    "a": {
        "a": ["अ", "", "aiu1", 0],
        "a1": ["ॳ", "ऺ", "", 0],
        "aa": ["आ", "ा", "1", 0],
        "aa1": ["ॴ", "ऻ", "", 0],
        "ai": ["ऐ", "ै", "I", 0],
        "aiI": ["ऍ", "ॅ", "", 0],
        "au": ["औ", "ौ", "U", 0],
        "auU": ["ऑ", "ॉ", "", 0]
    },
    "A": {
        "A": ["आ", "ा", "U1", 0],
        "A1": ["ॴ", "ऻ", "", 0],
        "AU": ["आऊ", "M", 2],
        "AUM": ["ॐ", "1", 2],
        "AUM1": ["卐", "", 2]
    },
    "i": {
        "i": ["इ", "ि", "i", 0],
        "ii": ["ई", "ी", "", 0]
    },
    "I": {
        "I": ["ई", "ी", "", 0]
    },
    "u": {
        "u": ["उ", "ु", "u1", 0],
        "u1": ["ॶ", "ॖ", "", 0],
        "uu": ["ऊ", "ू", "1", 0],
        "uu1": ["ॷ", "ॗ", "", 0]
    },
    "U": {
        "U": ["ऊ", "ू", "1", 0],
        "U1": ["ॷ", "ॗ", "", 0]
    },
    "e": {
        "e": ["ऎ", "ॆ", "e21", 0],
        "ee": ["ई", "ी", "", 0],
        "e2": ["ए", "े", "", 0],
        "e1": ["ऐ", "ै", "", 0]
    },
    "E": {
        "E": ["ए", "े", "", 0]
    },
    "o": {
        "o": ["ऒ", "ॊ", "o321", 0],
        "o3": ["ॵ", "ॏ", "", 0],
        "oo": ["ऊ", "ू", "", 0],
        "o2": ["ओ", "ो", "", 0],
        "o1": ["औ", "ौ", "", 0]
    },
    "O": {
        "O": ["ओ", "ो", "", 0]
    },
    "R": {
        "R": ["ऋ", "ृ", "R", 0],
        "RR": ["ॠ", "ॄ", "", 0]
    },
    "k": {
        "k": ["क", "hz", 1],
        "kh": ["ख", "z", 1],
        "kz": ["क़", "", 1],
        "khz": ["ख़", "", 1]
    },
    "g": {
        "g": ["ग", "hz1", 1],
        "gh": ["घ", "", 1],
        "gz": ["ग़", "", 1],
        "g1": ["ॻ", "", 1]
    },
    "G": {
        "G": ["ङ", "1", 1],
        "G1": ["ं", "", 2]
    },
    "c": {
        "c": ["c", "h", 2],
        "ch": ["च", "hz", 1],
        "chh": ["छ", "z", 1],
        "chz": ["च़", "", 1],
        "chhz": ["छ़", "", 1]
    },
    "C": {
        "C": ["च", "hz", 1],
        "Ch": ["छ", "z", 1],
        "Cz": ["च़", "", 1],
        "Chz": ["छ़", "", 1]
    },
    "j": {
        "j": ["ज", "hz1", 1],
        "jh": ["झ", "", 1],
        "jz": ["ज़", "", 1],
        "j1": ["ॼ", "", 1]
    },
    "J": {
        "J": ["ञ", "1", 1],
        "J1": ["ं", "", 2]
    },
    "Y": {
        "Y": ["ञ", "1", 1],
        "Y1": ["ं", "", 2]
    },
    "T": {
        "T": ["ट", "h", 1],
        "Th": ["ठ", "", 1]
    },
    "D": {
        "D": ["ड", "hz1", 1],
        "D1": ["ॾ", "", 1],
        "Dh": ["ढ", "z", 1],
        "Dz": ["ड़", "", 1],
        "Dhz": ["ढ़", "", 1]
    },
    "N": {
        "N": ["ण", "1", 1],
        "N1": ["ं", "", 2]
    },
    "t": {
        "t": ["त", "h1", 1],
        "th": ["थ", "1", 1],
        "t1": ["ट", "", 1],
        "th1": ["ठ", "", 1]
    },
    "d": {
        "d": ["द", "h12", 1],
        "dh": ["ध", "12", 1],
        "d1": ["ड", "", 1],
        "dh1": ["ढ", "", 1],
        "d2": ["ड़", "", 1],
        "dh2": ["ढ़", "", 1]
    },
    "n": {
        "n": ["न", "z1234", 1],
        "nz": ["ऩ", "", 1],
        "n1": ["ं", "", 2],
        "n2": ["ण", "", 1],
        "n3": ["ङ", "", 1],
        "n4": ["ञ", "", 1]
    },
    "p": {
        "p": ["प", "h", 1],
        "ph": ["फ", "z", 1],
        "phz": ["फ़", "", 1]
    },
    "f": {
        "f": ["फ", "z", 1],
        "fz": ["फ़", "", 1]
    },
    "b": {
        "b": ["ब", "h1", 1],
        "b1": ["ॿ", "", 1],
        "bh": ["भ", "", 1]
    },
    "m": {
        "m": ["म", "1", 1],
        "m1": ["ं", "m", 2],
        "m1m": ["ँ", "", 2]
    },
    "x": {
        "x": ["क्ष", "", 1]
    },
    "y": {
        "y": ["य", "z", 1],
        "yz": ["य़", "", 1]
    },
    "r": {
        "r": ["र", "z13", 1],
        "rz": ["ऱ", "", 1],
        "r1": ["ड़", "h", 1],
        "r1h": ["ढ़", "", 1],
        "r3": ["ऋ", "ृ", "r", 0],
        "r3r": ["ॠ", "ॄ", "", 0]
    },
    "l": {
        "l": ["ल", "1", 1],
        "l1": ["ळ", "", 1]
    },
    "L": {
        "L": ["ळ", "zR", 1],
        "Lz": ["ऴ", "", 1],
        "LR": ["ऌ", "ॢ", "R", 0],
        "LRR": ["ॡ", "ॣ", "", 0]
    },
    "v": {
        "v": ["व", "", 1]
    },
    "w": {
        "w": ["व", "", 1]
    },
    "h": {
        "h": ["ह", "1", 1],
        "h1": ["ः", "", 2]
    },
    "s": {
        "s": ["स", "h", 1],
        "sh": ["श", "h", 1],
        "shh": ["ष", "", 1]
    },
    "S": {
        "S": ["S", "hW", 2],
        "Sh": ["ष", "", 1],
        "SW": ["SW", "S", 2],
        "SWS": ["卐", "", 2]
    },
    "z": {
        "z": ["ज़", "h", 1],
        "zh": ["ऴ", "", 1]
    },
    "M": {
        "M": ["ं", "M1", 2],
        "MM": ["ँ", "", 2],
        "M1": ["ँ", "", 2]
    },
    "H": {
        "H": ["ः", "", 2]
    },
    "Q": {
        "Q": ["॰", "Q", 2],
        "QQ": ["ऽ", "", 2]
    },
    "'": {
        "'": ["'", "'", 2],
        "''": ["ऽ", "", 2]
    },
    "$": {
        "$": ["$", "$", 2],
        "$$": ["₹", "", 2]
    },
    "q": {
        "q": ["q", "q", 2],
        "qq": ["्", "", 2]
    },
    ".": {
        ".": ["।", "x.1234567890aAiIuUeEoORzLqn", 2],
        "..": ["॥", "", 2],
        ".z": ["़", "", 2],
        ".0": ["०", "", 2],
        ".1": ["१", "", 2],
        ".2": ["२", "", 2],
        ".3": ["३", "", 2],
        ".4": ["४", "", 2],
        ".5": ["५", "", 2],
        ".6": ["६", "", 2],
        ".7": ["७", "", 2],
        ".8": ["८", "", 2],
        ".9": ["९", "", 2],
        ".a": ["", "aiu1", 2],
        ".i": ["ि", "i", 2],
        ".u": ["ु", "u1", 2],
        ".e": ["ॆ", "e", 2],
        ".o": ["ॊ", "o3", 2],
        ".o3": ["ॏ", "", 2],
        ".ai": ["ै", "I", 2],
        ".a1": ["ऺ", "", 2],
        ".A": ["ा", "1", 2],
        ".A1": ["ऻ", "", 2],
        ".aiI": ["ॅ", "", 2],
        ".au": ["ौ", "U", 2],
        ".auU": ["ॉ", "", 2],
        ".u1": ["ॖ", "", 2],
        ".U": ["ू", "1", 2],
        ".U1": ["ॗ", "", 2],
        ".L": [".L", "R", 2],
        ".LR": ["ॢ", "R", 2],
        ".R": ["ृ", "R", 2],
        ".q": ["‌", "", 2],
        ".n": [".n", "234", 2],
        ".n2": ["²", "", 2],
        ".n3": ["³", "", 2],
        ".n4": ["⁴", "", 2],
        ".aa": ["ा", "", 2],
        ".I": ["ी", "", 2],
        ".ii": ["ी", "", 2],
        ".ee": ["ी", "", 2],
        ".uu": ["ू", "", 2],
        ".oo": ["ू", "", 2],
        ".E": ["े", "", 2],
        ".O": ["ो", "", 2],
        ".RR": ["ॄ", "", 2],
        ".LRR": ["ॣ", "", 2],
        ".x": ["्", "", 2]
    },
    "#": {
        "#": ["#", "as", 2],
        "#a": ["#a", "n", 2],
        "#an": ["॒", "1", 2],
        "#s": ["॑", "s1", 2],
        "#ss": ["᳚", "s1", 2],
        "#sss": ["᳛", "1", 2],
        "#an1": ["↓", "", 2],
        "#s1": ["↑", "", 2],
        "#ss1": ["↑↑", "", 2],
        "#sss1": ["↑↑↑", "", 2]
    },
    "antar": {
        "ँ": ["MM", 2],
        "ं": ["M", 2],
        "ः": ["H", 2],
        "अ": ["a", 2],
        "आ": ["A", 2],
        "इ": ["i", 2],
        "ई": ["I", 2],
        "उ": ["u", 2],
        "ऊ": ["U", 2],
        "ऋ": ["R", 2],
        "ऌ": ["LR", 2],
        "ऍ": ["ai", 2],
        "ऎ": ["e", 2],
        "ए": ["E", 2],
        "ऐ": ["ai", 2],
        "ऑ": ["au", 2],
        "ऒ": ["o", 2],
        "ओ": ["O", 2],
        "औ": ["au", 2],
        "क": ["k", 1, "़"],
        "क़": ["kz", 1, "", 52],
        "ख": ["kh", 1, "़"],
        "ख़": ["khz", 1, "", 54],
        "ग": ["g", 1, "़"],
        "ग़": ["gz", 1, "", 56],
        "घ": ["gh", 1],
        "ङ": ["G", 1],
        "च": ["ch", 1, "़"],
        "च़": ["Cz", 1],
        "छ": ["chh", 1, "़"],
        "छ़": ["Chz", 1],
        "ज": ["j", 1, "़"],
        "ज़": ["jz", 1, "", 65],
        "झ": ["jh", 1],
        "ञ": ["Y", 1],
        "ट": ["T", 1],
        "ठ": ["Th", 1],
        "ड": ["D", 1, "़"],
        "ड़": ["Dz", 1, "", 78],
        "ढ": ["Dh", 1, "़"],
        "ढ़": ["Dhz", 1, "", 81],
        "ण": ["N", 1],
        "त": ["t", 1],
        "थ": ["th", 1],
        "द": ["d", 1],
        "ध": ["dh", 1],
        "न": ["n", 1, "़"],
        "ऩ": ["nz", 1, "", 74],
        "ऩ": ["nz", 1],
        "प": ["p", 1],
        "फ": ["ph", 1, "़"],
        "फ़": ["phz", 1, "", 85],
        "ब": ["b", 1],
        "भ": ["bh", 1],
        "म": ["m", 1],
        "य": ["y", 1, "़"],
        "य़": ["yz", 1, "", 91],
        "र": ["r", 1, "़"],
        "ऱ": ["rz", 1, "", 94],
        "ऱ": ["rz", 1],
        "ल": ["l", 1],
        "ळ": ["L", 1, "़"],
        "ऴ": ["Lz", 1, "", 97],
        "ऴ": ["Lz", 1],
        "व": ["v", 1],
        "श": ["sh", 1],
        "ष": ["Sh", 1],
        "स": ["s", 1],
        "ह": ["h", 1],
        "ऺ": ["a", 0],
        "ऻ": ["A", 0, "", 5],
        "़": [".z", 2],
        "ऽ": ["''", 2],
        "ा": ["A", 0],
        "ि": ["i", 0],
        "ी": ["I", 0],
        "ु": ["u", 0],
        "ू": ["U", 0],
        "ृ": ["R", 0],
        "ॄ": ["RR", 0],
        "ॅ": ["ai", 0],
        "ॆ": ["e", 0],
        "े": ["E", 0],
        "ै": ["ai", 0],
        "ॉ": ["au", 0],
        "ॊ": ["o", 0],
        "ो": ["O", 0],
        "ौ": ["au", 0],
        "्": ["", 2],
        "ॏ": ["o", 0, "", 31],
        "ॐ": ["AUM", 2],
        "॑": ["#s", 2],
        "॒": ["#an", 2],
        "ॖ": ["u", 0, "", 13],
        "ॗ": ["U", 0, "", 17],
        "क़": ["kz", 1],
        "ख़": ["khz", 1],
        "ग़": ["gz", 1],
        "ज़": ["jz", 1],
        "ड़": ["Dz", 1],
        "ढ़": ["Dhz", 1],
        "फ़": ["phz", 1],
        "य़": ["yz", 1],
        "ॠ": ["RR", 2],
        "ॡ": ["LRR", 2],
        "ॢ": ["LR", 0],
        "ॣ": ["LRR", 0],
        "।": [".", 2],
        "॥": ["..", 2],
        "०": [".0", 2],
        "१": [".1", 2],
        "२": [".2", 2],
        "३": [".3", 2],
        "४": [".4", 2],
        "५": [".5", 2],
        "६": [".6", 2],
        "७": [".7", 2],
        "८": [".8", 2],
        "९": [".9", 2],
        "॰": ["Q", 2],
        "ॳ": ["a1", 2],
        "ॴ": ["A1", 2],
        "ॵ": ["o3", 2],
        "ॶ": ["u1", 2],
        "ॷ": ["U1", 2],
        "ॻ": ["g", 2],
        "ॼ": ["j", 2],
        "ॾ": ["D", 2],
        "ॿ": ["b", 2],
        "᳚": ["#ss", 2],
        "᳛": ["#sss", 2],
        "₹": ["$$", 2],
        "↑": ["#s", 2, "↑"],
        "↑↑": ["#ss", 2, "↑"],
        "↑↑↑": ["#sss", 2],
        "↓": ["#an", 2]
    },
    "kram": [
        "ॐ",
        "अ",
        "ॳ",
        "ऺ",
        "आ",
        "ा",
        "ॴ",
        "ऻ",
        "इ",
        "ि",
        "ई",
        "ी",
        "उ",
        "ु",
        "ॶ",
        "ॖ",
        "ऊ",
        "ू",
        "ॷ",
        "ॗ",
        "ए",
        "े",
        "ऎ",
        "ॆ",
        "ऐ",
        "ै",
        "ऍ",
        "ॅ",
        "ओ",
        "ो",
        "ऒ",
        "ॊ",
        "औ",
        "ौ",
        "ऑ",
        "ॉ",
        "ऋ",
        "ृ",
        "ॠ",
        "ॄ",
        "ऌ",
        "ॢ",
        "ॡ",
        "ॣ",
        "ं",
        "ँ",
        "ः",
        "ऽ",
        "्",
        "़",
        "॰",
        "क",
        "क़",
        "ख",
        "ख़",
        "ग",
        "ग़",
        "ॻ",
        "घ",
        "ङ",
        "च",
        "च़",
        "छ",
        "छ़",
        "ज",
        "ज़",
        "ॼ",
        "झ",
        "ञ",
        "त",
        "थ",
        "द",
        "ध",
        "न",
        "ऩ",
        "ट",
        "ठ",
        "ड",
        "ड़",
        "ॾ",
        "ढ",
        "ढ़",
        "ण",
        "प",
        "फ",
        "फ़",
        "ब",
        "ॿ",
        "भ",
        "म",
        "य",
        "य़",
        "व",
        "र",
        "ऱ",
        "ल",
        "ळ",
        "ऴ",
        "ह",
        "स",
        "श",
        "ष",
        "॒",
        "॑",
        "᳚",
        "᳛",
        "०",
        "१",
        "२",
        "३",
        "४",
        "५",
        "६",
        "७",
        "८",
        "९"
    ]
}