{
    "sa": 0,
    "a": {
        "a": ["a", "aui1", 2],
        "a1": ["ạ", "5", 2],
        "a15": ["Ạ", "", 2],
        "aa": ["ā", "5", 2],
        "ai": ["ai", "I", 2],
        "au": ["au", "U1", 2],
        "au1": ["ọ", "5", 2],
        "au15": ["Ọ", "", 2],
        "aiI": ["ê", "5", 2],
        "auU": ["ô", "5", 2],
        "aa5": ["Ā", "", 2],
        "auU5": ["Ô", "", 2],
        "aiI5": ["Ê", "", 2]
    },
    "A": {
        "A": ["ā", "125U", 2],
        "A1": ["A", "", 2],
        "A2": ["ạ̄", "5", 2],
        "A5": ["Ā", "", 2],
        "A25": ["Ạ̄", "", 2],
        "AU": ["āū", "M", 2],
        "AUM": ["ॐ", "1", 2],
        "AUM1": ["卐", "", 2]
    },
    "i": {
        "i": ["i", "i", 2],
        "ii": ["ī", "5", 2],
        "ii5": ["Ī", "", 2]
    },
    "I": {
        "I": ["ī", "15", 2],
        "I1": ["I", "", 2],
        "I5": ["Ī", "", 2]
    },
    "u": {
        "u": ["u", "u1", 2],
        "u1": ["ü", "5", 2],
        "u15": ["Ü", "", 2],
        "uu": ["ū", "15", 2],
        "uu1": ["ǖ", "5", 2],
        "uu15": ["Ǖ", "", 2],
        "uu5": ["Ū", "", 2]
    },
    "U": {
        "U": ["ū", "15", 2],
        "U1": ["U", "", 2],
        "U5": ["Ū", "", 2]
    },
    "e": {
        "e": ["e", "e2", 2],
        "ee": ["ī", "5", 2],
        "ee5": ["Ī", "", 2],
        "e2": ["ē", "15", "", 0]
    },
    "E": {
        "E": ["ē", "15", 2],
        "E1": ["E", "", 2],
        "E5": ["Ē", "", 2]
    },
    "o": {
        "o": ["o", "o2", 2],
        "oo": ["ū", "5", 2],
        "oo5": ["Ū", "", 2],
        "o2": ["ō", "15", "", 0]
    },
    "O": {
        "O": ["ō", "15", 2],
        "O1": ["O", "", 2],
        "O5": ["Ō", "", 2]
    },
    "R": {
        "R": ["r̥", "R15", 2],
        "R1": ["R", "", 2],
        "RR": ["r̥̄", "5", 2],
        "R5": ["R̥", "", 2],
        "RR5": ["R̥̄", "", 2]
    },
    "g": {
        "g": ["g", "", 2]
    },
    "G": {
        "G": ["ṅ", "151", 2],
        "G1": ["ṁ", "", 2],
        "G5": ["Ṅ", "", 2]
    },
    "j": {
        "j": ["j", "z", 2],
        "jz": ["z", "", 2]
    },
    "J": {
        "J": ["ñ", "151", 2],
        "J1": ["ṁ", "", 2],
        "J5": ["Ñ", "", 2]
    },
    "Y": {
        "Y": ["ñ", "151", 2],
        "Y1": ["ṁ", "", 2],
        "Y5": ["Ñ", "", 2]
    },
    "T": {
        "T": ["ṭ", "15", 2],
        "T1": ["T", "", 2],
        "T5": ["Ṭ", "", 2]
    },
    "D": {
        "D": ["ḍ", "1hz5", 2],
        "D1": ["D", "", 2],
        "Dz": ["ṛ", "5", 2],
        "Dh": ["ḍh", "z", 2],
        "Dhz": ["ṛh", "5", 2],
        "D5": ["Ḍ", "", 2],
        "Dz5": ["Ṛ", "", 2],
        "Dhz5": ["Ṛh", "", 2]
    },
    "N": {
        "N": ["ṇ", "151", 2],
        "N1": ["ṁ", "", 2],
        "N5": ["Ṇ", "", 2]
    },
    "t": {
        "t": ["t", "1", 2],
        "t1": ["ṭ", "", 2]
    },
    "d": {
        "d": ["d", "1", 2],
        "d1": ["ḍ", "", 2]
    },
    "n": {
        "n": ["n", "z51234", 2],
        "nz": ["ṉ", "", 2],
        "n5": ["ṉ", "", 2],
        "n1": ["ṁ", "", 2],
        "n2": ["ṇ", "", 1],
        "n3": ["ṅ", "", 1],
        "n4": ["ñ", "", 1]
    },
    "m": {
        "m": ["m", "1", 2],
        "m1": ["ṁ", "m", 2],
        "m1m": ["m̐", "", 2]
    },
    "x": {
        "x": ["kṣ", "", 2]
    },
    "y": {
        "y": ["y", "z1", 2],
        "yz": ["ẏ", "", 2],
        "y1": ["ẏ", "", 2]
    },
    "r": {
        "r": ["r", "z13", 2],
        "r1": ["ṟ", "", 2],
        "rz": ["ṟ", "5", 2],
        "rz5": ["Ṟ", "", 2],
        "r3": ["r̥", "r", 2],
        "r3r": ["r̥̄", "", 2]
    },
    "l": {
        "l": ["l", "1", 2],
        "l1": ["ḷ", "", 1]
    },
    "L": {
        "L": ["ḷ", "zR15", 2],
        "LR": ["l̥", "R5", 2],
        "LRR": ["l̥̄", "5", 2],
        "Lz": ["ḻ", "5", 2],
        "L1": ["L", "", 2],
        "Lz5": ["Ḻ", "", 2],
        "L5": ["Ḷ", "", 2],
        "LR5": ["L̥", "", 2],
        "LRR5": ["L̥̄", "", 2]
    },
    "h": {
        "h": ["h", "1", 2],
        "h1": ["ḥ", "", 2]
    },
    "s": {
        "s": ["s", "h", 2],
        "sh": ["ś", "h", 2],
        "shh": ["ṣ", "", 2]
    },
    "S": {
        "S": ["S", "hW", 2],
        "Sh": ["ṣ", "", 2],
        "SW": ["SW", "S", 2],
        "SWS": ["卐", "", 2]
    },
    "z": {
        "z": ["z", "h", 2],
        "zh": ["ḻ", "", 2]
    },
    "M": {
        "M": ["ṁ", "M2351", 2],
        "MM": ["m̐", "5", 2],
        "M2": ["ṃ", "5", 2],
        "M3": ["M", "", 2],
        "MM5": ["M̐", "", 2],
        "M25": ["Ṃ", "", 2],
        "M5": ["Ṁ", "", 2],
        "M1": ["m̐", "", 2]
    },
    "H": {
        "H": ["ḥ", "15", 2],
        "H1": ["H", "", 2],
        "H5": ["Ḥ", "", 2]
    },
    "$": {
        "$": ["$", "$", 2],
        "$$": ["₹", "", 2]
    },
    "q": {
        "q": ["q", "", 2]
    },
    ".": {
        ".": [".", "auAOEUIRLGJNTDMHYqn", 2],
        ".A": ["Ā", "1IU", 2],
        ".a": ["a", "aiu1", 2],
        ".a1": ["Ạ", "", 2],
        ".A1": ["Ạ̄", "", 2],
        ".AI": ["Ê", "", 2],
        ".AU": ["Ô", "", 2],
        ".O": ["Ō", "", 2],
        ".E": ["Ē", "", 2],
        ".I": ["Ī", "", 2],
        ".u": ["ü", "1u", 2],
        ".u1": ["Ü", "", 2],
        ".U": ["Ū", "1", 2],
        ".U1": ["Ǖ", "", 2],
        ".R": ["R̥", "Rz", 2],
        ".Rz": ["Ṟ", "", 2],
        ".RR": ["R̥̄", "", 2],
        ".G": ["Ṅ", "", 2],
        ".J": ["Ñ", "", 2],
        ".Y": ["Ñ", "", 2],
        ".N": ["Ṇ", "", 2],
        ".T": ["Ṭ", "", 2],
        ".D": ["Ḍ", "hz", 2],
        ".Dz": ["Ṛ", "", 2],
        ".Dh": ["Ḍh", "z", 2],
        ".Dhz": ["Ṛh", "", 2],
        ".L": ["Ḷ", "Rz", 2],
        ".LR": ["L̥", "R", 2],
        ".LRR": ["L̥̄", "", 2],
        ".Lz": ["Ḻ", "", 2],
        ".M": ["Ṁ", "M1", 2],
        ".MM": ["M̐", "", 2],
        ".M1": ["Ṃ", "", 2],
        ".H": ["Ḥ", "", 2],
        ".au": ["au", "1", 2],
        ".au1": ["Ọ", "", 2],
        ".q": ["‌", "", 2],
        ".n": [".n", "234", 2],
        ".n2": ["²", "", 2],
        ".n3": ["³", "", 2],
        ".n4": ["⁴", "", 2],
        ".aa": ["ā", "", 2],
        ".uu": ["ū", "", 2],
        ".ai": ["ai", "", 2]
    },
    "#": {
        "#": ["#", "as", 2],
        "#a": ["#a", "n", 2],
        "#an": ["↓", "", 2],
        "#s": ["↑", "s", 2],
        "#ss": ["↑↑", "s", 2],
        "#sss": ["↑↑↑", "", 2]
    },
    "antar": {
        "A": ["a", 2],
        "D": ["d", 2],
        "E": ["e", 2],
        "H": ["h", 2],
        "I": ["i", 2],
        "L": ["l", 2, "̥"],
        "L̥": ["LR", 2, "̄"],
        "L̥̄": ["LRR", 2],
        "M": ["m", 2, "̐"],
        "M̐": ["MM", 2],
        "O": ["o", 2],
        "R": ["r", 2, "̥"],
        "R̥": ["R", 2, "̄"],
        "R̥̄": ["RR", 2],
        "T": ["t", 2],
        "U": ["u", 2],
        "l̥": ["LR", 2, "̄"],
        "l̥̄": ["LRR", 2],
        "m̐": ["MM", 2],
        "r̥": ["R", 2, "̄"],
        "r̥̄": ["RR", 2],
        "²": [".n2", 2],
        "³": [".n3", 2],
        "Ê": ["ai", 2],
        "Ñ": ["Y", 2],
        "Ô": ["au", 2],
        "Ü": ["u15", 2],
        "ê": ["ai", 2],
        "ñ": ["J", 2],
        "ô": ["au", 2],
        "ü": ["u1", 2],
        "Ā": ["A", 2],
        "ā": ["A", 2],
        "Ē": ["E", 2],
        "ē": ["E", 2],
        "Ī": ["I", 2],
        "ī": ["I", 2],
        "Ō": ["O", 2],
        "ō": ["O", 2],
        "ś": ["sh", 2],
        "Ū": ["U", 2],
        "ū": ["U", 2],
        "Ǖ": [".U1", 2],
        "ǖ": ["uu1", 2],
        "ॐ": ["AUM", 2],
        "Ḍ": ["D", 2, "h"],
        "Ḍh": [".Dh", 2],
        "ḍ": ["D", 2, "h"],
        "ḍh": ["Dh", 2],
        "Ḥ": ["H", 2],
        "ḥ": ["H", 2],
        "Ḷ": ["L", 2],
        "ḷ": ["L", 2],
        "Ḻ": ["Lz", 2],
        "ḻ": ["Lz", 2],
        "Ṁ": ["M", 2],
        "ṁ": ["M", 2],
        "Ṃ": ["M", 2],
        "ṃ": ["M", 2],
        "Ṅ": ["G", 2],
        "ṅ": ["G", 2],
        "Ṇ": ["N", 2],
        "ṇ": ["N", 2],
        "ṉ": ["nz", 2],
        "Ṛ": ["Dz", 2, "h"],
        "Ṛh": ["Dhz", 2],
        "ṛ": ["Dz", 2, "h"],
        "ṛh": ["Dhz", 2],
        "Ṟ": ["Rz", 2],
        "ṟ": ["rz", 2],
        "ṣ": ["Sh", 2],
        "Ṭ": ["T", 2],
        "ṭ": ["T", 2],
        "ẏ": ["yz", 2],
        "Ạ": ["a15", 2, "̄"],
        "Ạ̄": ["A25", 2],
        "ạ": ["a1", 2, "̄"],
        "ạ̄": ["A2", 2],
        "Ọ": ["au15", 2],
        "ọ": ["au1", 2],
        "⁴": [".n4", 2],
        "₹": ["$$", 2],
        "↑": ["#s", 2, "↑"],
        "↑↑": ["#ss", 2, "↑"],
        "↑↑↑": ["#sss", 2],
        "↓": ["#an", 2],
        "卐": ["SWS", 2]
    }
}