{
    "range": [
        [70016, 70111]
    ],
    "sa": 0,
    "a": {
        "a": ["𑆃", "", "aiu1", 0],
        "a1": ["𑆃𑇋", "𑇋", "", 0],
        "ai": ["𑆎", "𑆽", "", 0],
        "au": ["𑆐", "𑆿", "", 0],
        "aa": ["𑆄", "𑆳", "", 0]
    },
    "A": {
        "A": ["𑆄", "𑆳", "U1", 0],
        "A1": ["𑆃𑇋𑆳", "𑇋𑆳", "", 0],
        "AU": ["𑆄𑆈", "M", 2],
        "AUM": ["𑇄", "12", 2],
        "AUM1": ["ॐ", "", 2],
        "AUM2": ["卐", "", 2]
    },
    "i": {
        "i": ["𑆅", "𑆴", "i", 0],
        "ii": ["𑆆", "𑆵", "", 0]
    },
    "I": {
        "I": ["𑆆", "𑆵", "", 0]
    },
    "u": {
        "u": ["𑆇", "𑆶", "u1", 0],
        "u1": ["𑆃𑇋𑆶", "𑇋𑆶", "", 0],
        "uu": ["𑆈", "𑆷", "", 0]
    },
    "U": {
        "U": ["𑆈", "𑆷", "1", 0],
        "U1": ["𑆃𑇋𑆷", "𑇋𑆷", "", 0]
    },
    "e": {
        "e": ["𑆍𑇌", "𑆼𑇌", "e21", 0],
        "ee": ["𑆆", "𑆵", "", 0],
        "e2": ["𑆍", "𑆼", "", 0],
        "e1": ["𑆎", "𑆽", "", 0]
    },
    "E": {
        "E": ["𑆍", "𑆼", "", 0]
    },
    "o": {
        "o": ["𑆏𑇌", "𑆾𑇌", "o21", 0],
        "oo": ["𑆈", "𑆷", "", 0],
        "o2": ["𑆏", "𑆾", "", 0],
        "o1": ["𑆐", "𑆿", "", 0]
    },
    "O": {
        "O": ["𑆏", "𑆾", "", 0]
    },
    "R": {
        "R": ["𑆉", "𑆸", "R", 0],
        "RR": ["𑆊", "𑆹", "", 0]
    },
    "k": {
        "k": ["𑆑", "hz", 1],
        "kh": ["𑆒", "z", 1],
        "kz": ["𑆑𑇊", "", 1],
        "khz": ["𑆒𑇊", "", 1]
    },
    "g": {
        "g": ["𑆓", "hz", 1],
        "gh": ["𑆔", "", 1],
        "gz": ["𑆓𑇊", "", 1]
    },
    "G": {
        "G": ["𑆕", "1", 1],
        "G1": ["𑆁", "", 2]
    },
    "c": {
        "c": ["c", "h", 2],
        "ch": ["𑆖", "hz", 1],
        "chh": ["𑆗", "z", 1],
        "chz": ["𑆖𑇊", "", 1],
        "chhz": ["𑆗𑇊", "", 1]
    },
    "C": {
        "C": ["𑆖", "hz", 1],
        "Ch": ["𑆗", "z", 1],
        "Cz": ["𑆖𑇊", "", 1],
        "Chz": ["𑆗𑇊", "", 1]
    },
    "j": {
        "j": ["𑆘", "hz", 1],
        "jh": ["𑆙", "", 1],
        "jz": ["𑆘𑇊", "", 1]
    },
    "J": {
        "J": ["𑆚", "1", 1],
        "J1": ["𑆁", "", 2]
    },
    "Y": {
        "Y": ["𑆚", "1", 1],
        "Y1": ["𑆁", "", 2]
    },
    "T": {
        "T": ["𑆛", "h", 1],
        "Th": ["𑆜", "", 1]
    },
    "D": {
        "D": ["𑆝", "hz", 1],
        "Dh": ["𑆞", "z", 1],
        "Dz": ["𑆝𑇊", "", 1],
        "Dhz": ["𑆞𑇊", "", 1]
    },
    "N": {
        "N": ["𑆟", "1", 1],
        "N1": ["𑆁", "", 2]
    },
    "t": {
        "t": ["𑆠", "h1", 1],
        "th": ["𑆡", "1", 1],
        "t1": ["𑆛", "", 1],
        "th1": ["𑆜", "", 1]
    },
    "d": {
        "d": ["𑆢", "h12", 1],
        "dh": ["𑆣", "12", 1],
        "d1": ["𑆝", "", 1],
        "dh1": ["𑆞", "", 1],
        "d2": ["𑆝𑇊", "", 1],
        "dh2": ["𑆞𑇊", "", 1]
    },
    "n": {
        "n": ["𑆤", "z1234", 1],
        "nz": ["𑆤𑇊", "", 1],
        "n1": ["𑆁", "", 2],
        "n2": ["𑆟", "", 1],
        "n3": ["𑆕", "", 1],
        "n4": ["𑆚", "", 1]
    },
    "p": {
        "p": ["𑆥", "h", 1],
        "ph": ["𑆦", "z", 1],
        "phz": ["𑆦𑇊", "", 1]
    },
    "f": {
        "f": ["𑆦", "z", 1],
        "fz": ["𑆦𑇊", "", 1]
    },
    "b": {
        "b": ["𑆧", "h", 1],
        "bh": ["𑆨", "", 1]
    },
    "m": {
        "m": ["𑆩", "1", 1],
        "m1": ["𑆁", "m", 2],
        "m1m": ["𑆀", "", 2]
    },
    "x": {
        "x": ["𑆑𑇀𑆰", "", 1]
    },
    "y": {
        "y": ["𑆪", "z", 1],
        "yz": ["𑆪𑇊", "", 1]
    },
    "r": {
        "r": ["𑆫", "z13", 1],
        "rz": ["𑆫𑇊", "", 1],
        "r1": ["𑆝𑇊", "h", 1],
        "r1h": ["𑆞𑇊", "", 1],
        "r3": ["𑆉", "𑆸", "r", 0],
        "r3r": ["𑆊", "𑆹", "", 0]
    },
    "l": {
        "l": ["𑆬", "1", 1],
        "l1": ["𑆭", "", 1]
    },
    "L": {
        "L": ["𑆭", "Rz", 1],
        "Lz": ["𑆭𑇊", "", 1],
        "LR": ["𑆋", "𑆺", "R", 0],
        "LRR": ["𑆌", "𑆻", "", 0]
    },
    "v": {
        "v": ["𑆮", "", 1]
    },
    "w": {
        "w": ["𑆮", "", 1]
    },
    "h": {
        "h": ["𑆲", "1", 1],
        "h1": ["𑆂", "", 2]
    },
    "s": {
        "s": ["𑆱", "h", 1],
        "sh": ["𑆯", "h", 1],
        "shh": ["𑆰", "", 1]
    },
    "S": {
        "S": ["S", "hW", 2],
        "Sh": ["𑆰", "", 1],
        "SW": ["SW", "S", 2],
        "SWS": ["卐", "", 2]
    },
    "z": {
        "z": ["𑆘𑇊", "", 1]
    },
    "M": {
        "M": ["𑆁", "M1", 2],
        "MM": ["𑆀", "", 2],
        "M1": ["𑆀", "", 2]
    },
    "H": {
        "H": ["𑆂", "", 2]
    },
    "Q": {
        "Q": ["𑇆", "Q", 2],
        "QQ": ["𑇁", "", 2]
    },
    "'": {
        "'": ["'", "'", 2],
        "''": ["𑇁", "", 2]
    },
    "$": {
        "$": ["$", "$", 2],
        "$$": ["₹", "", 2]
    },
    "q": {
        "q": ["q", "q", 2],
        "qq": ["𑇀", "", 2]
    },
    ".": {
        ".": ["𑇅", "x.1234567890aAiIuUeEoORzkRLqn", 2],
        "..": ["𑇆", "", 2],
        ".z": ["𑇊", "", 2],
        ".k": ["𑇚", "", 2],
        ".0": ["𑇐", "", 2],
        ".1": ["𑇑", "", 2],
        ".2": ["𑇒", "", 2],
        ".3": ["𑇓", "", 2],
        ".4": ["𑇔", "", 2],
        ".5": ["𑇕", "", 2],
        ".6": ["𑇖", "", 2],
        ".7": ["𑇗", "", 2],
        ".8": ["𑇘", "", 2],
        ".9": ["𑇙", "", 2],
        ".a": ["", "aiu1", 2],
        ".a1": ["𑇋", "", 2],
        ".A": ["𑆳", "1", 2],
        ".A1": ["𑇋𑆳", "", 2],
        ".i": ["𑆴", "i", 2],
        ".u": ["𑆶", "u1", 2],
        ".u1": ["𑇋𑆶", "", 2],
        ".U": ["𑆷", "1", 2],
        ".U1": ["𑇋𑆷", "", 2],
        ".e": ["𑆼𑇌", "e", 2],
        ".o": ["𑆾𑇌", "o", 2],
        ".L": [".L", "R", 2],
        ".LR": ["𑆺", "R", 2],
        ".R": ["𑆸", "R", 2],
        ".q": ["‌", "", 2],
        ".n": [".n", "234", 2],
        ".n2": ["²", "", 2],
        ".n3": ["³", "", 2],
        ".n4": ["⁴", "", 2],
        ".aa": ["𑆳", "", 2],
        ".I": ["𑆵", "", 2],
        ".ii": ["𑆵", "", 2],
        ".ee": ["𑆵", "", 2],
        ".uu": ["𑆷", "", 2],
        ".oo": ["𑆷", "", 2],
        ".E": ["𑆼", "", 2],
        ".O": ["𑆾", "", 2],
        ".ai": ["𑆽", "", 2],
        ".au": ["𑆿", "", 2],
        ".RR": ["𑆹", "", 2],
        ".LRR": ["𑆻", "", 2],
        ".x": ["𑇀", "", 2]
    },
    "#": {
        "#": ["#", "as", 2],
        "#a": ["#a", "n", 2],
        "#an": ["↓", "", 2],
        "#s": ["↑", "s", 2],
        "#ss": ["↑↑", "s", 2],
        "#sss": ["↑↑↑", "", 2]
    },
    "antar": {
        "ॐ": ["AUM", 2],
        "₹": ["$$", 2],
        "↑": ["#s", 2, "↑"],
        "↑↑": ["#ss", 2, "↑"],
        "↑↑↑": ["#sss", 2],
        "↓": ["#an", 2],
        "𑆀": ["MM", 2],
        "𑆁": ["M", 2],
        "𑆂": ["H", 2],
        "𑆃": ["a", 2, "𑇋"],
        "𑆃𑇋": ["a1", 2, "𑆳𑆶𑆷"],
        "𑆃𑇋𑆳": ["A1", 2],
        "𑆃𑇋𑆶": ["u1", 2],
        "𑆃𑇋𑆷": ["U1", 2],
        "𑆄": ["A", 2],
        "𑆅": ["i", 2],
        "𑆆": ["I", 2],
        "𑆇": ["u", 2],
        "𑆈": ["U", 2],
        "𑆉": ["R", 2],
        "𑆊": ["RR", 2],
        "𑆋": ["LR", 2],
        "𑆌": ["LRR", 2],
        "𑆍": ["E", 2, "𑇌"],
        "𑆍𑇌": ["e", 2],
        "𑆎": ["ai", 2],
        "𑆏": ["O", 2, "𑇌"],
        "𑆏𑇌": ["o", 2],
        "𑆐": ["au", 2],
        "𑆑": ["k", 1, "𑇊"],
        "𑆑𑇊": ["kz", 1],
        "𑆒": ["kh", 1, "𑇊"],
        "𑆒𑇊": ["khz", 1],
        "𑆓": ["g", 1, "𑇊"],
        "𑆓𑇊": ["gz", 1],
        "𑆔": ["gh", 1],
        "𑆕": ["G", 1],
        "𑆖": ["ch", 1, "𑇊"],
        "𑆖𑇊": ["Cz", 1],
        "𑆗": ["chh", 1, "𑇊"],
        "𑆗𑇊": ["Chz", 1],
        "𑆘": ["j", 1, "𑇊"],
        "𑆘𑇊": ["jz", 1],
        "𑆙": ["jh", 1],
        "𑆚": ["Y", 1],
        "𑆛": ["T", 1],
        "𑆜": ["Th", 1],
        "𑆝": ["D", 1, "𑇊"],
        "𑆝𑇊": ["Dz", 1],
        "𑆞": ["Dh", 1, "𑇊"],
        "𑆞𑇊": ["Dhz", 1],
        "𑆟": ["N", 1],
        "𑆠": ["t", 1],
        "𑆡": ["th", 1],
        "𑆢": ["d", 1],
        "𑆣": ["dh", 1],
        "𑆤": ["n", 1, "𑇊"],
        "𑆤𑇊": ["nz", 1],
        "𑆥": ["p", 1],
        "𑆦": ["ph", 1, "𑇊"],
        "𑆦𑇊": ["phz", 1],
        "𑆧": ["b", 1],
        "𑆨": ["bh", 1],
        "𑆩": ["m", 1],
        "𑆪": ["y", 1, "𑇊"],
        "𑆪𑇊": ["yz", 1],
        "𑆫": ["r", 1, "𑇊"],
        "𑆫𑇊": ["rz", 1],
        "𑆬": ["l", 1],
        "𑆭": ["L", 1, "𑇊"],
        "𑆭𑇊": ["Lz", 1],
        "𑆮": ["v", 1],
        "𑆯": ["sh", 1],
        "𑆰": ["Sh", 1],
        "𑆱": ["s", 1],
        "𑆲": ["h", 1],
        "𑆳": ["A", 0],
        "𑆴": ["i", 0],
        "𑆵": ["I", 0],
        "𑆶": ["u", 0],
        "𑆷": ["U", 0],
        "𑆸": ["R", 0],
        "𑆹": ["RR", 0],
        "𑆺": ["LR", 0],
        "𑆻": ["LRR", 0],
        "𑆼": ["E", 0, "𑇌"],
        "𑆼𑇌": ["e", 0],
        "𑆽": ["ai", 0],
        "𑆾": ["O", 0, "𑇌"],
        "𑆾𑇌": ["o", 0],
        "𑆿": ["au", 0],
        "𑇀": ["", 2],
        "𑇁": ["''", 2],
        "𑇄": ["AUM", 2],
        "𑇅": [".", 2],
        "𑇆": ["Q", 2],
        "𑇊": [".z", 2],
        "𑇋": ["a", 0, "𑆳𑆶𑆷"],
        "𑇋𑆳": ["A", 0, "", 5],
        "𑇋𑆶": ["u", 0, "", 13],
        "𑇋𑆷": ["U", 0, "", 17],
        "𑇐": [".0", 2],
        "𑇑": [".1", 2],
        "𑇒": [".2", 2],
        "𑇓": [".3", 2],
        "𑇔": [".4", 2],
        "𑇕": [".5", 2],
        "𑇖": [".6", 2],
        "𑇗": [".7", 2],
        "𑇘": [".8", 2],
        "𑇙": [".9", 2],
        "𑇚": [".k", 2]
    },
    "kram": [
        "𑇄",
        "𑆃",
        "𑆃𑇋",
        "𑇋",
        "𑆄",
        "𑆳",
        "𑆃𑇋𑆳",
        "𑇋𑆳",
        "𑆅",
        "𑆴",
        "𑆆",
        "𑆵",
        "𑆇",
        "𑆶",
        "𑆃𑇋𑆶",
        "𑇋𑆶",
        "𑆈",
        "𑆷",
        "𑆃𑇋𑆷",
        "𑇋𑆷",
        "𑆍",
        "𑆼",
        "𑆍𑇌",
        "𑆼𑇌",
        "𑆎",
        "𑆽",
        "𑆎",
        "𑆽",
        "𑆏",
        "𑆾",
        "𑆏𑇌",
        "𑆾𑇌",
        "𑆐",
        "𑆿",
        "𑆐",
        "𑆿",
        "𑆉",
        "𑆸",
        "𑆊",
        "𑆹",
        "𑆋",
        "𑆺",
        "𑆌",
        "𑆻",
        "𑆁",
        "𑆀",
        "𑆂",
        "𑇁",
        "𑇀",
        "𑇊",
        "𑇆",
        "𑆑",
        "𑆑",
        "𑆒",
        "𑆒",
        "𑆓",
        "𑆓",
        "𑆓",
        "𑆔",
        "𑆕",
        "𑆖",
        "𑆖𑇊",
        "𑆗",
        "𑆗𑇊",
        "𑆘",
        "𑆘",
        "𑆘",
        "𑆙",
        "𑆚",
        "𑆠",
        "𑆡",
        "𑆢",
        "𑆣",
        "𑆤",
        "𑆤𑇊",
        "𑆛",
        "𑆜",
        "𑆝",
        "𑆝𑇊",
        "𑆝",
        "𑆞",
        "𑆞𑇊",
        "𑆟",
        "𑆥",
        "𑆦",
        "𑆦",
        "𑆧",
        "𑆧",
        "𑆨",
        "𑆩",
        "𑆪",
        "𑆪",
        "𑆮",
        "𑆫",
        "𑆫𑇊",
        "𑆬",
        "𑆭",
        "𑆭𑇊",
        "𑆲",
        "𑆱",
        "𑆯",
        "𑆰",
        "↓",
        "↑",
        "↑↑",
        "↑↑↑",
        "𑇐",
        "𑇑",
        "𑇒",
        "𑇓",
        "𑇔",
        "𑇕",
        "𑇖",
        "𑇗",
        "𑇘",
        "𑇙"
    ]
}