{
    "range": [
        [71040, 71167]
    ],
    "sa": 1,
    "a": {
        "a": ["𑖀", "", "aiu", 0],
        "ai": ["𑖋", "𑖹", "", 0],
        "au": ["𑖍", "𑖻", "", 0],
        "aa": ["𑖁", "𑖯", "", 0]
    },
    "A": {
        "A": ["𑖁", "𑖯", "U", 0],
        "AU": ["𑖁𑖅", "M", 2],
        "AUM": ["ॐ", "1", 2],
        "AUM1": ["卐", "", 2]
    },
    "i": {
        "i": ["𑖂", "𑖰", "i12", 0],
        "i1": ["𑗘", "𑖰", "", 0],
        "i2": ["𑗙", "𑖰", "", 0],
        "ii": ["𑖃", "𑖱", "", 0]
    },
    "I": {
        "I": ["𑖃", "𑖱", "1", 0],
        "I1": ["𑗚", "𑖱", "", 0]
    },
    "u": {
        "u": ["𑖄", "𑖲", "u1", 0],
        "u1": ["𑗛", "𑖲", "", 0],
        "uu": ["𑖅", "𑖳", "", 0]
    },
    "U": {
        "U": ["𑖅", "𑖳", "", 0]
    },
    "e": {
        "e": ["𑖊", "𑖸", "e1", 0],
        "ee": ["𑖃", "𑖱", "", 0],
        "e1": ["𑖋", "𑖹", "", 0]
    },
    "o": {
        "o": ["𑖌", "𑖺", "o1", 0],
        "oo": ["𑖅", "𑖳", "", 0],
        "o1": ["𑖍", "𑖻", "", 0]
    },
    "R": {
        "R": ["𑖆", "𑖴", "R", 0],
        "RR": ["𑖇", "𑖵", "", 0]
    },
    "k": {
        "k": ["𑖎", "hz", 1],
        "kh": ["𑖏", "z", 1],
        "kz": ["𑖎𑗀", "", 1],
        "khz": ["𑖏𑗀", "", 1]
    },
    "g": {
        "g": ["𑖐", "hz", 1],
        "gh": ["𑖑", "", 1],
        "gz": ["𑖐𑗀", "", 1]
    },
    "G": {
        "G": ["𑖒", "1", 1],
        "G1": ["𑖽", "", 2]
    },
    "c": {
        "c": ["c", "h", 2],
        "ch": ["𑖓", "hz", 1],
        "chh": ["𑖔", "z", 1],
        "chz": ["𑖓𑗀", "", 1],
        "chhz": ["𑖔𑗀", "", 1]
    },
    "C": {
        "C": ["𑖓", "hz", 1],
        "Ch": ["𑖔", "z", 1],
        "Cz": ["𑖓𑗀", "", 1],
        "Chz": ["𑖔𑗀", "", 1]
    },
    "j": {
        "j": ["𑖕", "hz", 1],
        "jh": ["𑖖", "", 1],
        "jz": ["𑖕𑗀", "", 1]
    },
    "J": {
        "J": ["𑖗", "1", 1],
        "J1": ["𑖽", "", 2]
    },
    "Y": {
        "Y": ["𑖗", "1", 1],
        "Y1": ["𑖽", "", 2]
    },
    "T": {
        "T": ["𑖘", "h", 1],
        "Th": ["𑖙", "", 1]
    },
    "D": {
        "D": ["𑖚", "hz", 1],
        "Dh": ["𑖛", "z", 1],
        "Dz": ["𑖚𑗀", "", 1],
        "Dhz": ["𑖛𑗀", "", 1]
    },
    "N": {
        "N": ["𑖜", "1", 1],
        "N1": ["𑖽", "", 2]
    },
    "t": {
        "t": ["𑖝", "h1", 1],
        "th": ["𑖞", "1", 1],
        "t1": ["𑖘", "", 1],
        "th1": ["𑖙", "", 1]
    },
    "d": {
        "d": ["𑖟", "h12", 1],
        "dh": ["𑖠", "12", 1],
        "d1": ["𑖚", "", 1],
        "dh1": ["𑖛", "", 1],
        "d2": ["𑖚𑗀", "", 1],
        "dh2": ["𑖛𑗀", "", 1]
    },
    "n": {
        "n": ["𑖡", "z1234", 1],
        "nz": ["𑖡𑗀", "", 1],
        "n1": ["𑖽", "", 2],
        "n2": ["𑖜", "", 1],
        "n3": ["𑖒", "", 1],
        "n4": ["𑖗", "", 1]
    },
    "p": {
        "p": ["𑖢", "h", 1],
        "ph": ["𑖣", "z", 1],
        "phz": ["𑖣𑗀", "", 1]
    },
    "f": {
        "f": ["𑖣", "z", 1],
        "fz": ["𑖣𑗀", "", 1]
    },
    "b": {
        "b": ["𑖤", "h", 1],
        "bh": ["𑖥", "", 1]
    },
    "m": {
        "m": ["𑖦", "1", 1],
        "m1": ["𑖽", "m", 2],
        "m1m": ["𑖼", "", 2]
    },
    "x": {
        "x": ["𑖎𑖿𑖬", "", 1]
    },
    "y": {
        "y": ["𑖧", "z", 1],
        "yz": ["𑖧𑗀", "", 1]
    },
    "r": {
        "r": ["𑖨", "z13", 1],
        "rz": ["𑖨𑗀", "", 1],
        "r1": ["𑖚𑗀", "h", 1],
        "r1h": ["𑖛𑗀", "", 1],
        "r3": ["𑖆", "𑖴", "r", 0],
        "r3r": ["𑖇", "𑖵", "", 0]
    },
    "l": {
        "l": ["𑖩", "1", 1],
        "l1": ["𑖩", "", 1]
    },
    "L": {
        "L": ["𑖩", "Rz", 1],
        "Lz": ["𑖩𑗀", "", 1],
        "LR": ["𑖩𑖿𑖨𑖰", "R", 1],
        "LRR": ["𑖩𑖿𑖨𑖱", "", 1]
    },
    "v": {
        "v": ["𑖪", "", 1]
    },
    "w": {
        "w": ["𑖪", "", 1]
    },
    "h": {
        "h": ["𑖮", "1", 1],
        "h1": ["𑖾", "", 2]
    },
    "s": {
        "s": ["𑖭", "h", 1],
        "sh": ["𑖫", "h", 1],
        "shh": ["𑖬", "", 1]
    },
    "S": {
        "S": ["S", "hW", 2],
        "Sh": ["𑖬", "", 1],
        "SW": ["SW", "S", 2],
        "SWS": ["卐", "", 2]
    },
    "z": {
        "z": ["𑖕𑗀", "", 1]
    },
    "M": {
        "M": ["𑖽", "M1", 2],
        "MM": ["𑖼", "", 2],
        "M1": ["𑖼", "", 2]
    },
    "H": {
        "H": ["𑖾", "", 2]
    },
    "Q": {
        "Q": ["॰", "Q", 2],
        "QQ": ["ऽ", "", 2]
    },
    "'": {
        "'": ["'", "'", 2],
        "''": ["ऽ", "", 2]
    },
    "$": {
        "$": ["$", "$", 2],
        "$$": ["₹", "", 2]
    },
    "q": {
        "q": ["q", "q", 2],
        "qq": ["𑖿", "", 2]
    },
    ".": {
        ".": ["𑗂", "x.0123456789aAiIuUeoRzqn", 2],
        "..": ["𑗃", "", 2],
        ".z": ["𑗀", "", 2],
        ".a": ["", "aiu", 2],
        ".0": ["०", "", 2],
        ".1": ["१", "", 2],
        ".2": ["२", "", 2],
        ".3": ["३", "", 2],
        ".4": ["४", "", 2],
        ".5": ["५", "", 2],
        ".6": ["६", "", 2],
        ".7": ["७", "", 2],
        ".8": ["८", "", 2],
        ".9": ["९", "", 2],
        ".i": ["𑖰", "i", 2],
        ".u": ["𑖲", "u1", 2],
        ".u1": ["𑗜", "", 2],
        ".U": ["𑖳", "1", 2],
        ".U1": ["𑗝", "", 2],
        ".e": ["𑖸", "e", 2],
        ".o": ["𑖺", "o", 2],
        ".R": ["𑖴", "R", 2],
        ".q": ["‌", "", 2],
        ".n": [".n", "234", 2],
        ".n2": ["²", "", 2],
        ".n3": ["³", "", 2],
        ".n4": ["⁴", "", 2],
        ".A": ["𑖯", "", 2],
        ".aa": ["𑖯", "", 2],
        ".I": ["𑖱", "", 2],
        ".ii": ["𑖱", "", 2],
        ".ee": ["𑖱", "", 2],
        ".uu": ["𑖳", "", 2],
        ".oo": ["𑖳", "", 2],
        ".ai": ["𑖹", "", 2],
        ".au": ["𑖻", "", 2],
        ".RR": ["𑖵", "", 2],
        ".x": ["𑖿", "", 2]
    },
    "#": {
        "#": ["#", "as", 2],
        "#a": ["#a", "n", 2],
        "#an": ["↓", "", 2],
        "#s": ["↑", "s", 2],
        "#ss": ["↑↑", "s", 2],
        "#sss": ["↑↑↑", "", 2]
    },
    "antar": {
        "ऽ": ["''", 2],
        "ॐ": ["AUM", 2],
        "०": [".0", 2],
        "१": [".1", 2],
        "२": [".2", 2],
        "३": [".3", 2],
        "४": [".4", 2],
        "५": [".5", 2],
        "६": [".6", 2],
        "७": [".7", 2],
        "८": [".8", 2],
        "९": [".9", 2],
        "॰": ["Q", 2],
        "₹": ["$$", 2],
        "↑": ["#s", 2, "↑"],
        "↑↑": ["#ss", 2, "↑"],
        "↑↑↑": ["#sss", 2],
        "↓": ["#an", 2],
        "𑖀": ["a", 2],
        "𑖁": ["A", 2],
        "𑖂": ["i", 2],
        "𑖃": ["I", 2],
        "𑖄": ["u", 2],
        "𑖅": ["U", 2],
        "𑖆": ["R", 2],
        "𑖇": ["RR", 2],
        "𑖊": ["e", 2],
        "𑖋": ["ai", 2],
        "𑖌": ["o", 2],
        "𑖍": ["au", 2],
        "𑖎": ["k", 1, "𑗀"],
        "𑖎𑗀": ["kz", 1],
        "𑖏": ["kh", 1, "𑗀"],
        "𑖏𑗀": ["khz", 1],
        "𑖐": ["g", 1, "𑗀"],
        "𑖐𑗀": ["gz", 1],
        "𑖑": ["gh", 1],
        "𑖒": ["G", 1],
        "𑖓": ["ch", 1, "𑗀"],
        "𑖓𑗀": ["Cz", 1],
        "𑖔": ["chh", 1, "𑗀"],
        "𑖔𑗀": ["Chz", 1],
        "𑖕": ["j", 1, "𑗀"],
        "𑖕𑗀": ["z", 1],
        "𑖖": ["jh", 1],
        "𑖗": ["Y", 1],
        "𑖘": ["T", 1],
        "𑖙": ["Th", 1],
        "𑖚": ["D", 1, "𑗀"],
        "𑖚𑗀": ["d2", 1],
        "𑖛": ["Dh", 1, "𑗀"],
        "𑖛𑗀": ["dh2", 1],
        "𑖜": ["N", 1],
        "𑖝": ["t", 1],
        "𑖞": ["th", 1],
        "𑖟": ["d", 1],
        "𑖠": ["dh", 1],
        "𑖡": ["n", 1, "𑗀"],
        "𑖡𑗀": ["nz", 1],
        "𑖢": ["p", 1],
        "𑖣": ["ph", 1, "𑗀"],
        "𑖣𑗀": ["fz", 1],
        "𑖤": ["b", 1],
        "𑖥": ["bh", 1],
        "𑖦": ["m", 1],
        "𑖧": ["y", 1, "𑗀"],
        "𑖧𑗀": ["yz", 1],
        "𑖨": ["r", 1, "𑗀"],
        "𑖨𑗀": ["rz", 1],
        "𑖩": ["l", 1, "𑗀"],
        "𑖩𑗀": ["Lz", 1],
        "𑖪": ["v", 1],
        "𑖫": ["sh", 1],
        "𑖬": ["Sh", 1],
        "𑖭": ["s", 1],
        "𑖮": ["h", 1],
        "𑖯": ["A", 0],
        "𑖰": ["i", 0],
        "𑖱": ["I", 0],
        "𑖲": ["u", 0],
        "𑖳": ["U", 0],
        "𑖴": ["R", 0],
        "𑖵": ["RR", 0],
        "𑖸": ["e", 0, "𑖯"],
        "𑖺": ["o", 0, "", 29],
        "𑖹": ["ai", 0, "𑖯"],
        "𑖻": ["au", 0, "", 33],
        "𑖺": ["o", 0],
        "𑖻": ["au", 0],
        "𑖼": ["MM", 2],
        "𑖽": ["M", 2],
        "𑖾": ["H", 2],
        "𑖿": ["", 2],
        "𑗀": [".z", 2],
        "𑗂": [".", 2],
        "𑗃": ["..", 2],
        "𑗘": ["i", 2],
        "𑗙": ["i", 2],
        "𑗚": ["I", 2],
        "𑗛": ["u1", 2],
        "𑗜": ["u", 0, "", 13],
        "𑗝": ["U", 0, "", 17]
    },
    "kram": [
        "ॐ",
        "𑖀",
        "𑖀",
        1,
        "𑖁",
        "𑖯",
        "𑖁",
        "𑖯",
        "𑖂",
        "𑖰",
        "𑖃",
        "𑖱",
        "𑖄",
        "𑖲",
        "𑖄",
        "𑖲",
        "𑖅",
        "𑖳",
        "𑖅",
        "𑖳",
        "𑖊",
        "𑖸",
        "𑖊",
        "𑖸",
        "𑖋",
        "𑖹",
        "𑖋",
        "𑖹",
        "𑖌",
        "𑖺",
        "𑖌",
        "𑖺",
        "𑖍",
        "𑖻",
        "𑖍",
        "𑖻",
        "𑖆",
        "𑖴",
        "𑖇",
        "𑖵",
        "𑖩𑖿𑖨𑖰",
        "𑖩𑖿𑖨𑖰",
        "𑖩𑖿𑖨𑖱",
        "𑖩𑖿𑖨𑖱",
        "𑖽",
        "𑖼",
        "𑖾",
        "ऽ",
        "𑖿",
        1,
        "॰",
        "𑖎",
        "𑖎",
        "𑖏",
        "𑖏",
        "𑖐",
        "𑖐",
        "𑖐",
        "𑖑",
        "𑖒",
        "𑖓",
        "𑖓",
        "𑖔",
        "𑖔",
        "𑖕",
        "𑖕",
        "𑖕",
        "𑖖",
        "𑖗",
        "𑖝",
        "𑖞",
        "𑖟",
        "𑖠",
        "𑖡",
        "𑖡𑗀",
        "𑖘",
        "𑖙",
        "𑖚",
        "𑖚𑗀",
        "𑖚",
        "𑖛",
        "𑖛𑗀",
        "𑖜",
        "𑖢",
        "𑖣",
        "𑖣",
        "𑖤",
        "𑖤",
        "𑖥",
        "𑖦",
        "𑖧",
        "𑖧",
        "𑖪",
        "𑖨",
        "𑖨𑗀",
        "𑖩",
        "𑖩",
        "𑖩𑗀",
        "𑖮",
        "𑖭",
        "𑖫",
        "𑖬",
        "↓",
        "↑",
        "↑↑",
        "↑↑↑",
        "०",
        "१",
        "२",
        "३",
        "४",
        "५",
        "६",
        "७",
        "८",
        "९"
    ]
}