{
    "range": [
        [3456, 3583]
    ],
    "sa": 1,
    "a": {
        "a": ["අ", "", "aiu", 0],
        "ai": ["ඓ", "ෛ", "I", 0],
        "au": ["ඖ", "ෞ", "U", 0],
        "aiI": ["ඇ", "ැ", "", 0],
        "auU": ["ඈ", "ෑ", "", 0],
        "aa": ["ආ", "ා", "", 0]
    },
    "A": {
        "A": ["ආ", "ා", "U", 0],
        "AU": ["ආඌ", "M", 2],
        "AUM": ["ॐ", "1", 2],
        "AUM1": ["卐", "", 2]
    },
    "i": {
        "i": ["ඉ", "ි", "i", 0],
        "ii": ["ඊ", "ී", "", 0]
    },
    "I": {
        "I": ["ඊ", "ී", "", 0]
    },
    "u": {
        "u": ["උ", "ු", "u", 0],
        "uu": ["ඌ", "ූ", "", 0]
    },
    "U": {
        "U": ["ඌ", "ූ", "", 0]
    },
    "e": {
        "e": ["එ", "ෙ", "e21", 0],
        "ee": ["ඊ", "ී", "", 0],
        "e2": ["ඒ", "ේ", "", 0],
        "e1": ["ඓ", "ෛ", "", 0]
    },
    "E": {
        "E": ["ඒ", "ේ", "", 0]
    },
    "o": {
        "o": ["ඔ", "ො", "o21", 0],
        "oo": ["ඌ", "ූ", "", 0],
        "o2": ["ඕ", "ෝ", "", 0],
        "o1": ["ඖ", "ෞ", "", 0]
    },
    "O": {
        "O": ["ඕ", "ෝ", "", 0]
    },
    "R": {
        "R": ["ඍ", "ෘ", "R", 0],
        "RR": ["ඎ", "ෲ", "", 0]
    },
    "k": {
        "k": ["ක", "h", 1],
        "kh": ["ඛ", "", 1]
    },
    "g": {
        "g": ["ග", "h", 1],
        "gh": ["ඝ", "", 1]
    },
    "G": {
        "G": ["ඞ", "11", 1],
        "G1": ["ං", "", 2]
    },
    "c": {
        "c": ["c", "h", 2],
        "ch": ["ච", "h", 1],
        "chh": ["ඡ", "", 1]
    },
    "C": {
        "C": ["ච", "h", 1],
        "Ch": ["ඡ", "", 1]
    },
    "j": {
        "j": ["ජ", "1h", 1],
        "jh": ["ඣ", "", 1],
        "j1": ["ඥ", "", 1]
    },
    "J": {
        "J": ["ඤ", "11", 1],
        "J1": ["ං", "", 2]
    },
    "Y": {
        "Y": ["ඤ", "11", 1],
        "Y1": ["ං", "", 2]
    },
    "T": {
        "T": ["ට", "h", 1],
        "Th": ["ඨ", "", 1]
    },
    "D": {
        "D": ["ඩ", "h", 1],
        "Dh": ["ඪ", "", 1]
    },
    "N": {
        "N": ["ණ", "z1", 1],
        "Nz": ["ඬ", "", 1],
        "N1": ["ං", "", 2]
    },
    "t": {
        "t": ["ත", "h1", 1],
        "th": ["ථ", "1", 1],
        "t1": ["ට", "", 1],
        "th1": ["ඨ", "", 1]
    },
    "d": {
        "d": ["ද", "h1", 1],
        "dh": ["ධ", "1", 1],
        "d1": ["ඩ", "", 1],
        "dh1": ["ඪ", "", 1]
    },
    "n": {
        "n": ["න", "z1234", 1],
        "nz": ["ඳ", "", 1],
        "n1": ["ං", "", 2],
        "n2": ["ණ", "", 1],
        "n3": ["ඞ", "", 1],
        "n4": ["ඤ", "", 1]
    },
    "p": {
        "p": ["ප", "h", 1],
        "ph": ["ඵ", "z", 1],
        "phz": ["ෆ", "", 1]
    },
    "f": {
        "f": ["ඵ", "z", 1],
        "fz": ["ෆ", "", 1]
    },
    "b": {
        "b": ["බ", "h", 1],
        "bh": ["භ", "", 1]
    },
    "m": {
        "m": ["ම", "z1", 1],
        "mz": ["ඹ", "", 1],
        "m1": ["ං", "m", 2],
        "m1m": ["ઁ", "", 2]
    },
    "x": {
        "x": ["ක්ෂ", "", 1]
    },
    "y": {
        "y": ["ය", "", 1]
    },
    "r": {
        "r": ["ර", "3", 1],
        "r3": ["ඍ", "ෘ", "r", 0],
        "r3r": ["ඎ", "ෲ", "", 0]
    },
    "l": {
        "l": ["ල", "1", 1],
        "l1": ["ළ", "", 1]
    },
    "L": {
        "L": ["ළ", "R", 1],
        "LR": ["ඏ", "ෟ", "R", 0],
        "LRR": ["ඐ", "ෳ", "", 0]
    },
    "v": {
        "v": ["ව", "", 1]
    },
    "w": {
        "w": ["ව", "", 1]
    },
    "h": {
        "h": ["හ", "1", 1],
        "h1": ["ඃ", "", 2]
    },
    "s": {
        "s": ["ස", "h", 1],
        "sh": ["ශ", "h", 1],
        "shh": ["ෂ", "", 1]
    },
    "S": {
        "S": ["S", "hW", 2],
        "Sh": ["ෂ", "", 1],
        "SW": ["SW", "S", 2],
        "SWS": ["卐", "", 2]
    },
    "M": {
        "M": ["ං", "M1", 2],
        "MM": ["ઁ", "", 2],
        "M1": ["ઁ", "", 2]
    },
    "H": {
        "H": ["ඃ", "", 2]
    },
    "Q": {
        "Q": ["॰", "Q", 2],
        "QQ": ["ಽ", "", 2]
    },
    "'": {
        "'": ["'", "'", 2],
        "''": ["ಽ", "", 2]
    },
    "$": {
        "$": ["$", "$", 2],
        "$$": ["₹", "", 2]
    },
    "q": {
        "q": ["q", "q", 2],
        "qq": ["්", "", 2]
    },
    ".": {
        ".": ["।", "x.1234567890aAiIuUeEoORLqn", 2],
        "..": ["॥", "", 2],
        ".0": ["෦", "", 2],
        ".1": ["෧", "", 2],
        ".2": ["෨", "", 2],
        ".3": ["෩", "", 2],
        ".4": ["෪", "", 2],
        ".5": ["෫", "", 2],
        ".6": ["෬", "", 2],
        ".7": ["෭", "", 2],
        ".8": ["෮", "", 2],
        ".9": ["෯", "", 2],
        ".a": ["", "aiu", 2],
        ".i": ["ි", "i", 2],
        ".u": ["ු", "u", 2],
        ".e": ["ෙ", "e", 2],
        ".o": ["ො", "o", 2],
        ".ai": ["ෛ", "I", 2],
        ".aiI": ["ැ", "", 2],
        ".au": ["ෞ", "U", 2],
        ".auU": ["ෑ", "", 2],
        ".L": [".L", "R", 2],
        ".LR": ["ෟ", "R", 2],
        ".R": ["ෘ", "R", 2],
        ".q": ["‌", "", 2],
        ".n": [".n", "234", 2],
        ".n2": ["²", "", 2],
        ".n3": ["³", "", 2],
        ".n4": ["⁴", "", 2],
        ".A": ["ා", "", 2],
        ".aa": ["ා", "", 2],
        ".I": ["ී", "", 2],
        ".ii": ["ී", "", 2],
        ".ee": ["ී", "", 2],
        ".U": ["ූ", "", 2],
        ".uu": ["ූ", "", 2],
        ".oo": ["ූ", "", 2],
        ".E": ["ේ", "", 2],
        ".O": ["ෝ", "", 2],
        ".RR": ["ෲ", "", 2],
        ".LRR": ["ෳ", "", 2],
        ".x": ["්", "", 2]
    },
    "#": {
        "#": ["#", "as", 2],
        "#a": ["#a", "n", 2],
        "#an": ["॒", "1", 2],
        "#s": ["॑", "s1", 2],
        "#ss": ["᳚", "s1", 2],
        "#sss": ["᳛", "1", 2],
        "#an1": ["↓", "", 2],
        "#s1": ["↑", "", 2],
        "#ss1": ["↑↑", "", 2],
        "#sss1": ["↑↑↑", "", 2]
    },
    "antar": {
        "ॐ": ["AUM", 2],
        "॑": ["#s", 2],
        "॒": ["#an", 2],
        "।": [".", 2],
        "॥": ["..", 2],
        "॰": ["Q", 2],
        "ઁ": ["MM", 2],
        "ಽ": ["''", 2],
        "ං": ["J", 1],
        "ඃ": ["H", 2],
        "අ": ["a", 2],
        "ආ": ["A", 2],
        "ඇ": ["au", 2],
        "ඈ": ["ai", 2],
        "ඉ": ["i", 2],
        "ඊ": ["I", 2],
        "උ": ["u", 2],
        "ඌ": ["U", 2],
        "ඍ": ["R", 2],
        "ඎ": ["RR", 2],
        "ඏ": ["LR", 2],
        "ඐ": ["LRR", 2],
        "එ": ["e", 2],
        "ඒ": ["E", 2],
        "ඓ": ["ai", 2],
        "ඔ": ["o", 2],
        "ඕ": ["O", 2],
        "ඖ": ["au", 2],
        "ක": ["k", 1],
        "ඛ": ["kh", 1],
        "ග": ["g", 1],
        "ඝ": ["gh", 1],
        "ඞ": ["G", 1],
        "ච": ["ch", 1],
        "ඡ": ["chh", 1],
        "ජ": ["j", 1],
        "ඣ": ["jh", 1],
        "ඤ": ["Y", 1],
        "ඥ": ["jY", 1],
        "ට": ["T", 1],
        "ඨ": ["Th", 1],
        "ඩ": ["D", 1],
        "ඪ": ["Dh", 1],
        "ණ": ["N", 1],
        "ඬ": ["ND", 1],
        "ත": ["t", 1],
        "ථ": ["th", 1],
        "ද": ["d", 1],
        "ධ": ["dh", 1],
        "න": ["n", 1],
        "ඳ": ["nd", 1],
        "ප": ["p", 1],
        "ඵ": ["ph", 1],
        "බ": ["b", 1],
        "භ": ["bh", 1],
        "ම": ["m", 1],
        "ඹ": ["mb", 1],
        "ය": ["y", 1],
        "ර": ["r", 1],
        "ල": ["l", 1],
        "ව": ["v", 1],
        "ශ": ["sh", 1],
        "ෂ": ["Sh", 1],
        "ස": ["s", 1],
        "හ": ["h", 1],
        "ළ": ["L", 1],
        "ෆ": ["fz", 1],
        "්": ["", 2],
        "ා": ["A", 0],
        "ැ": ["au", 0],
        "ෑ": ["ai", 0],
        "ි": ["i", 0],
        "ී": ["I", 0],
        "ු": ["u", 0],
        "ූ": ["U", 0],
        "ෘ": ["R", 0],
        "ෙ": ["e", 0, "ෟා"],
        "ො": ["o", 0, "්", 31],
        "ෝ": ["O", 0, "", 29],
        "ෞ": ["au", 0, "", 33],
        "ේ": ["E", 0],
        "ෛ": ["ai", 0],
        "ො": ["o", 0, "්"],
        "ෝ": ["O", 0],
        "ෝ": ["O", 0],
        "ෞ": ["au", 0],
        "ෟ": ["LR", 0],
        "෦": [".0", 2],
        "෧": [".1", 2],
        "෨": [".2", 2],
        "෩": [".3", 2],
        "෪": [".4", 2],
        "෫": [".5", 2],
        "෬": [".6", 2],
        "෭": [".7", 2],
        "෮": [".8", 2],
        "෯": [".9", 2],
        "ෲ": ["RR", 0],
        "ෳ": ["LRR", 0],
        "᳚": ["#ss", 2],
        "᳛": ["#sss", 2],
        "₹": ["$$", 2],
        "↑": ["#s", 2, "↑"],
        "↑↑": ["#ss", 2, "↑"],
        "↑↑↑": ["#sss", 2],
        "↓": ["#an", 2]
    },
    "kram": [
        "ॐ",
        "අ",
        "අ",
        1,
        "ආ",
        "ා",
        "ආ",
        "ා",
        "ඉ",
        "ි",
        "ඊ",
        "ී",
        "උ",
        "ු",
        "උ",
        "ු",
        "ඌ",
        "ූ",
        "ඌ",
        "ූ",
        "ඒ",
        "ේ",
        "එ",
        "ෙ",
        "ඓ",
        "ෛ",
        "ඇ",
        "ැ",
        "ඕ",
        "ෝ",
        "ඔ",
        "ො",
        "ඖ",
        "ෞ",
        "ඈ",
        "ෑ",
        "ඍ",
        "ෘ",
        "ඎ",
        "ෲ",
        "ඏ",
        "ෟ",
        "ඐ",
        "ෳ",
        "ං",
        "ઁ",
        "ඃ",
        "ಽ",
        "්",
        1,
        "॰",
        "ක",
        "ක",
        "ඛ",
        "ඛ",
        "ග",
        "ග",
        "ග",
        "ඝ",
        "ඞ",
        "ච",
        "ච",
        "ඡ",
        "ඡ",
        "ජ",
        "ජ",
        "ජ",
        "ඣ",
        "ඤ",
        "ත",
        "ථ",
        "ද",
        "ධ",
        "න",
        "න",
        "ට",
        "ඨ",
        "ඩ",
        "ඩ",
        "ඩ",
        "ඪ",
        "ඪ",
        "ණ",
        "ප",
        "ඵ",
        "ඵ",
        "බ",
        "බ",
        "භ",
        "ම",
        "ය",
        "ය",
        "ව",
        "ර",
        "ර",
        "ල",
        "ළ",
        "ළ",
        "හ",
        "ස",
        "ශ",
        "ෂ",
        "॒",
        "॑",
        "᳚",
        "᳛",
        "෦",
        "෧",
        "෨",
        "෩",
        "෪",
        "෫",
        "෬",
        "෭",
        "෮",
        "෯"
    ]
}