{
    "range": [
        [2944, 3071]
    ],
    "sa": 1,
    "a": {
        "a": ["அ", "", "aiu", 0],
        "ai": ["ஐ", "ை", "", 0],
        "au": ["ஔ", "ௌ", "", 0],
        "aa": ["ஆ", "ா", "", 0]
    },
    "A": {
        "A": ["ஆ", "ா", "U", 0],
        "AU": ["ஆஊ", "M", 2],
        "AUM": ["ॐ", "1", 2],
        "AUM1": ["卐", "", 2]
    },
    "i": {
        "i": ["இ", "ி", "i", 0],
        "ii": ["ஈ", "ீ", "", 0]
    },
    "I": {
        "I": ["ஈ", "ீ", "", 0]
    },
    "u": {
        "u": ["உ", "ு", "u", 0],
        "uu": ["ஊ", "ூ", "", 0]
    },
    "U": {
        "U": ["ஊ", "ூ", "", 0]
    },
    "e": {
        "e": ["எ", "ெ", "e21", 0],
        "ee": ["ஈ", "ீ", "", 0],
        "e2": ["ஏ", "ே", "", 0],
        "e1": ["ஐ", "ை", "", 0]
    },
    "E": {
        "E": ["ஏ", "ே", "", 0]
    },
    "o": {
        "o": ["ஒ", "ொ", "o21", 0],
        "oo": ["ஊ", "ூ", "", 0],
        "o2": ["ஓ", "ோ", "", 0],
        "o1": ["ஔ", "ௌ", "", 0]
    },
    "O": {
        "O": ["ஓ", "ோ", "", 0]
    },
    "R": {
        "R": ["ரு²", "R", 1],
        "RR": ["ரூ²", "", 1]
    },
    "k": {
        "k": ["க", "h", 1],
        "kh": ["க²", "", 3]
    },
    "g": {
        "g": ["க³", "h", 3],
        "gh": ["க⁴", "", 3]
    },
    "G": {
        "G": ["ங", "1", 1],
        "G1": ["ம்²", "", 2]
    },
    "c": {
        "c": ["c", "h", 2],
        "ch": ["ச", "h", 1],
        "chh": ["ச²", "", 3]
    },
    "C": {
        "C": ["ச", "h", 1],
        "Ch": ["ச²", "", 3]
    },
    "j": {
        "j": ["ஜ", "h", 1],
        "jh": ["ஜ²", "", 3]
    },
    "J": {
        "J": ["ஞ", "1", 1],
        "J1": ["ம்²", "", 2]
    },
    "Y": {
        "Y": ["ஞ", "1", 1],
        "Y1": ["ம்²", "", 2]
    },
    "T": {
        "T": ["ட", "h", 1],
        "Th": ["ட²", "", 3]
    },
    "D": {
        "D": ["ட³", "h", 3],
        "Dh": ["ட⁴", "", 3]
    },
    "N": {
        "N": ["ண", "1", 1],
        "N1": ["ம்²", "", 2]
    },
    "t": {
        "t": ["த", "h1", 1],
        "th": ["த²", "1", 3],
        "t1": ["ட", "", 1],
        "th1": ["ட²", "", 3]
    },
    "d": {
        "d": ["த³", "h1", 3],
        "dh": ["த⁴", "1", 3],
        "d1": ["ட³", "", 3],
        "dh1": ["ட⁴", "", 3]
    },
    "n": {
        "n": ["ந", "z11234", 1],
        "nz": ["ன", "", 1],
        "n1": ["ம்²", "", 2],
        "n2": ["ண", "", 1],
        "n3": ["ங", "", 1],
        "n4": ["ஞ", "", 1]
    },
    "p": {
        "p": ["ப", "h", 1],
        "ph": ["ப²", "", 3]
    },
    "f": {
        "f": ["ப²", "", 3]
    },
    "b": {
        "b": ["ப³", "h", 3],
        "bh": ["ப⁴", "", 3]
    },
    "m": {
        "m": ["ம", "1", 1],
        "m1": ["ம்²", "m", 2],
        "m1m": ["ம்³", "", 2]
    },
    "x": {
        "x": ["க்ஷ", "", 1]
    },
    "y": {
        "y": ["ய", "", 1]
    },
    "r": {
        "r": ["ர", "z13", 1],
        "r1": ["ற", "", 1],
        "rz": ["ற", "", 1],
        "r3": ["ரு²", "r", 2],
        "r3r": ["ரூ²", "", 2]
    },
    "l": {
        "l": ["ல", "1", 1],
        "l1": ["ள", "", 1]
    },
    "L": {
        "L": ["ள", "zR", 1],
        "Lz": ["ழ", "", 1],
        "LR": ["ல்ரி²", "R", 1],
        "LRR": ["ல்ரீ²", "", 1]
    },
    "v": {
        "v": ["வ", "", 1]
    },
    "w": {
        "w": ["வ", "", 1]
    },
    "h": {
        "h": ["ஹ", "1", 1],
        "h1": ["ஃ", "", 2]
    },
    "s": {
        "s": ["ஸ", "h", 1],
        "sh": ["ஶ", "h", 1],
        "shh": ["ஷ", "", 1]
    },
    "S": {
        "S": ["S", "hW", 2],
        "Sh": ["ஷ", "", 1],
        "SW": ["SW", "S", 2],
        "SWS": ["卐", "", 2]
    },
    "z": {
        "z": ["z", "h", 2],
        "zh": ["ழ", "", 1]
    },
    "M": {
        "M": ["ம்²", "M1", 2],
        "MM": ["ம்³", "", 2],
        "M1": ["ம்³", "", 2]
    },
    "H": {
        "H": ["ஃ", "", 2]
    },
    "Q": {
        "Q": ["॰", "Q", 2],
        "QQ": ["ಽ", "", 2]
    },
    "'": {
        "'": ["'", "'", 2],
        "''": ["ಽ", "", 2]
    },
    "$": {
        "$": ["$", "$", 2],
        "$$": ["₹", "", 2]
    },
    "q": {
        "q": ["q", "q", 2],
        "qq": ["்", "", 2]
    },
    ".": {
        ".": ["।", "x.n1234567890ymdaAiIuUeEoORLq", 2],
        "..": ["॥", "", 2],
        ".y": ["௵", "", 2],
        ".n": [".n", "234234x", 2],
        ".n2": ["²", "", 2],
        ".n3": ["³", "", 2],
        ".n4": ["⁴", "", 2],
        ".d": ["௳", "", 2],
        ".m": ["௴", "", 2],
        ".0": ["௦", "", 2],
        ".1": ["௧", "0", 2],
        ".10": ["௰", "0", 2],
        ".100": ["௱", "0", 2],
        ".1000": ["௲", "", 2],
        ".2": ["௨", "", 2],
        ".3": ["௩", "", 2],
        ".4": ["௪", "", 2],
        ".5": ["௫", "", 2],
        ".6": ["௬", "", 2],
        ".7": ["௭", "", 2],
        ".8": ["௮", "", 2],
        ".9": ["௯", "", 2],
        ".a": ["", "aiu", 2],
        ".i": ["ி", "i", 2],
        ".u": ["ு", "u", 2],
        ".e": ["ெ", "e", 2],
        ".o": ["ொ", "o", 2],
        ".R": ["்ரு²", "R", 2],
        ".RR": ["்ரூ²", "", 2],
        ".L": [".L", "R", 2],
        ".LR": ["்ல்ரி²", "R", 2],
        ".LRR": ["்ல்ரீ²", "", 2],
        ".q": ["‌", "", 2],
        ".nx": [".nx", "234", 2],
        ".nx2": ["₂", "", 2],
        ".nx3": ["₃", "", 2],
        ".nx4": ["₄", "", 2],
        ".A": ["ா", "", 2],
        ".aa": ["ா", "", 2],
        ".I": ["ீ", "", 2],
        ".ii": ["ீ", "", 2],
        ".ee": ["ீ", "", 2],
        ".U": ["ூ", "", 2],
        ".uu": ["ூ", "", 2],
        ".oo": ["ூ", "", 2],
        ".E": ["ே", "", 2],
        ".O": ["ோ", "", 2],
        ".ai": ["ை", "", 2],
        ".au": ["ௌ", "", 2],
        ".x": ["்", "", 2]
    },
    "#": {
        "#": ["#", "as", 2],
        "#a": ["#a", "n", 2],
        "#an": ["॒", "1", 2],
        "#s": ["॑", "s1", 2],
        "#ss": ["᳚", "s1", 2],
        "#sss": ["᳛", "1", 2],
        "#an1": ["↓", "", 2],
        "#s1": ["↑", "", 2],
        "#ss1": ["↑↑", "", 2],
        "#sss1": ["↑↑↑", "", 2]
    },
    "antar": {
        "ॐ": ["AUM", 2],
        "॑": ["#s", 2],
        "॒": ["#an", 2],
        "।": [".", 2],
        "॥": ["..", 2],
        "॰": ["Q", 2],
        "ஃ": ["H", 2],
        "அ": ["a", 2],
        "ஆ": ["A", 2],
        "இ": ["i", 2],
        "ஈ": ["I", 2],
        "உ": ["u", 2],
        "ஊ": ["U", 2],
        "எ": ["e", 2],
        "ஏ": ["E", 2],
        "ஐ": ["ai", 2],
        "ஒ": ["o", 2],
        "ஓ": ["O", 2],
        "ஔ": ["au", 2],
        "க": ["k", 1, "²³⁴₂₃₄"],
        "க²": ["kh", 3],
        "க³": ["g", 3],
        "க⁴": ["gh", 3],
        "க₂": ["kh", 3],
        "க₃": ["g", 3],
        "க₄": ["gh", 3],
        "ங": ["G", 1],
        "ச": ["ch", 1, "²₂"],
        "ச²": ["chh", 3],
        "ச₂": ["chh", 3],
        "ஜ": ["j", 1, "²₂"],
        "ஜ²": ["jh", 3],
        "ஜ₂": ["jh", 3],
        "ஞ": ["Y", 1],
        "ட": ["T", 1, "²³⁴₂₃₄"],
        "ட²": ["Th", 3],
        "ட³": ["D", 3],
        "ட⁴": ["Dh", 3],
        "ட₂": ["Th", 3],
        "ட₃": ["D", 3],
        "ட₄": ["Dh", 3],
        "ண": ["N", 1],
        "த": ["t", 1, "²³⁴₂₃₄"],
        "த²": ["th", 3],
        "த³": ["d", 3],
        "த⁴": ["dh", 3],
        "த₂": ["th", 3],
        "த₃": ["d", 3],
        "த₄": ["dh", 3],
        "ந": ["n", 1],
        "ன": ["nz", 1],
        "ப": ["p", 1, "²³⁴₂₃₄"],
        "ப²": ["ph", 3],
        "ப³": ["b", 3],
        "ப⁴": ["bh", 3],
        "ப₂": ["ph", 3],
        "ப₃": ["b", 3],
        "ப₄": ["bh", 3],
        "ம": ["m", 1, "்"],
        "ம்": ["m", 2.1, "²³"],
        "ம்²": ["M", 2],
        "ம்³": ["MM", 2],
        "ய": ["y", 1],
        "ர": ["r", 1, "ுூ"],
        "ரு": ["ru", 2, "²"],
        "ரு²": ["R", 2],
        "ரூ": ["ru", 2, "²"],
        "ரூ²": ["RR", 2],
        "ற": ["r1", 1],
        "ல": ["l", 1, "்"],
        "ல்": ["l", 2.1, "ர"],
        "ல்ர": ["lr", 1.1, "ிீ"],
        "ல்ரி": ["lri", 2, "²"],
        "ல்ரி²": ["LR", 2],
        "ல்ரீ": ["lrI", 2, "²"],
        "ல்ரீ²": ["LRR", 2],
        "ள": ["L", 1],
        "ழ": ["zh", 1],
        "வ": ["v", 1],
        "ஶ": ["sh", 1],
        "ஷ": ["Sh", 1],
        "ஸ": ["s", 1],
        "ஹ": ["h", 1],
        "ா": ["A", 0],
        "ி": ["i", 0],
        "ீ": ["I", 0],
        "ு": ["u", 0],
        "ூ": ["U", 0],
        "ெ": ["e", 0, "ௗா"],
        "ொ": ["o", 0, "", 31],
        "ௌ": ["au", 0, "", 33],
        "ே": ["E", 0, "ா"],
        "ோ": ["O", 0, "", 29],
        "ை": ["ai", 0],
        "ொ": ["o", 0],
        "ோ": ["O", 0],
        "ௌ": ["au", 0],
        "்": ["", 2, "ரல"],
        "்ர": ["r", 1.1, "ுூ"],
        "்ரு": ["ru", 2.1, "²"],
        "்ரு²": ["R", 0.1],
        "்ரூ": ["rU", 2.1, "²"],
        "்ரூ²": ["RR", 0.1],
        "்ல": ["l", 1.1, "்"],
        "்ல்": ["l", 2.1, "ர"],
        "்ல்ர": ["lr", 1.1, "ிீ"],
        "்ல்ரி": ["lri", 1.1, "²"],
        "்ல்ரி²": ["LR", 0.1],
        "்ல்ரீ": ["lrI", 1.1, "²"],
        "்ல்ரீ²": ["LRR", 0.1],
        "௦": [".0", 2],
        "௧": [".1", 2],
        "௨": [".2", 2],
        "௩": [".3", 2],
        "௪": [".4", 2],
        "௫": [".5", 2],
        "௬": [".6", 2],
        "௭": [".7", 2],
        "௮": [".8", 2],
        "௯": [".9", 2],
        "௰": [".10", 2],
        "௱": [".100", 2],
        "௲": [".1000", 2],
        "௳": [".d", 2],
        "௴": [".m", 2],
        "௵": [".y", 2],
        "ಽ": ["''", 2],
        "᳚": ["#ss", 2],
        "᳛": ["#sss", 2],
        "₹": ["$$", 2],
        "↑": ["#s", 2, "↑"],
        "↑↑": ["#ss", 2, "↑"],
        "↑↑↑": ["#sss", 2],
        "↓": ["#an", 2]
    },
    "kram": [
        "ॐ",
        "அ",
        "அ",
        1,
        "ஆ",
        "ா",
        "ஆ",
        "ா",
        "இ",
        "ி",
        "ஈ",
        "ீ",
        "உ",
        "ு",
        "உ",
        "ு",
        "ஊ",
        "ூ",
        "ஊ",
        "ூ",
        "ஏ",
        "ே",
        "எ",
        "ெ",
        "ஐ",
        "ை",
        "ஐ",
        "ை",
        "ஓ",
        "ோ",
        "ஒ",
        "ொ",
        "ஔ",
        "ௌ",
        "ஔ",
        "ௌ",
        "ரு²",
        "்ரு²",
        "ரூ²",
        "்ரூ²",
        "ல்ரி²",
        "்ல்ரி²",
        "ல்ரீ²",
        "்ல்ரீ²",
        "ம்²",
        "ம்³",
        "ஃ",
        "ಽ",
        "்",
        1,
        "॰",
        "க",
        "க",
        "க²",
        "க²",
        "க³",
        "க³",
        "க³",
        "க⁴",
        "ங",
        "ச",
        "ச",
        "ச²",
        "ச²",
        "ஜ",
        "ஜ",
        "ஜ",
        "ஜ²",
        "ஞ",
        "த",
        "த²",
        "த³",
        "த⁴",
        "ந",
        "ன",
        "ட",
        "ட²",
        "ட³",
        "ட³",
        "ட³",
        "ட⁴",
        "ட⁴",
        "ண",
        "ப",
        "ப²",
        "ப²",
        "ப³",
        "ப³",
        "ப⁴",
        "ம",
        "ய",
        "ய",
        "வ",
        "ர",
        "ற",
        "ல",
        "ள",
        "ழ",
        "ஹ",
        "ஸ",
        "ஶ",
        "ஷ",
        "॒",
        "॑",
        "᳚",
        "᳛",
        "௦",
        "௧",
        "௨",
        "௩",
        "௪",
        "௫",
        "௬",
        "௭",
        "௮",
        "௯"
    ]
}