{
    "range": [
        [3072, 3199]
    ],
    "sa": 1,
    "a": {
        "a": ["అ", "", "aiu", 0],
        "ai": ["ఐ", "ై", "", 0],
        "au": ["ఔ", "ౌ", "", 0],
        "aa": ["ఆ", "ా", "", 0]
    },
    "A": {
        "A": ["ఆ", "ా", "U", 0],
        "AU": ["ఆఊ", "M", 2],
        "AUM": ["ఓం", "12", 2],
        "AUM1": ["ॐ", "", 2],
        "AUM2": ["卐", "", 2]
    },
    "i": {
        "i": ["ఇ", "ి", "i", 0],
        "ii": ["ఈ", "ీ", "", 0]
    },
    "I": {
        "I": ["ఈ", "ీ", "", 0]
    },
    "u": {
        "u": ["ఉ", "ు", "u", 0],
        "uu": ["ఊ", "ూ", "", 0]
    },
    "U": {
        "U": ["ఊ", "ూ", "", 0]
    },
    "e": {
        "e": ["ఎ", "ె", "e21", 0],
        "ee": ["ఈ", "ీ", "", 0],
        "e2": ["ఏ", "ే", "", 0],
        "e1": ["ఐ", "ై", "", 0]
    },
    "E": {
        "E": ["ఏ", "ే", "", 0]
    },
    "o": {
        "o": ["ఒ", "ొ", "o21", 0],
        "oo": ["ఊ", "ూ", "", 0],
        "o2": ["ఓ", "ో", "", 0],
        "o1": ["ఔ", "ౌ", "", 0]
    },
    "O": {
        "O": ["ఓ", "ో", "", 0]
    },
    "R": {
        "R": ["ఋ", "ృ", "R", 0],
        "RR": ["ౠ", "ౄ", "", 0]
    },
    "k": {
        "k": ["క", "h", 1],
        "kh": ["ఖ", "", 1]
    },
    "g": {
        "g": ["గ", "h", 1],
        "gh": ["ఘ", "", 1]
    },
    "G": {
        "G": ["ఙ", "1", 1],
        "G1": ["ం", "", 2]
    },
    "c": {
        "c": ["c", "h", 2],
        "ch": ["చ", "h", 1],
        "chh": ["ఛ", "", 1]
    },
    "C": {
        "C": ["చ", "h", 1],
        "Ch": ["ఛ", "", 1]
    },
    "j": {
        "j": ["జ", "h", 1],
        "jh": ["ఝ", "", 1]
    },
    "J": {
        "J": ["ఞ", "1", 1],
        "J1": ["ం", "", 2]
    },
    "Y": {
        "Y": ["ఞ", "1", 1],
        "Y1": ["ం", "", 2]
    },
    "T": {
        "T": ["ట", "h", 1],
        "Th": ["ఠ", "", 1]
    },
    "D": {
        "D": ["డ", "h", 1],
        "Dh": ["ఢ", "", 1]
    },
    "N": {
        "N": ["ణ", "1", 1],
        "N1": ["ం", "", 2]
    },
    "t": {
        "t": ["త", "h1", 1],
        "th": ["థ", "1", 1],
        "t1": ["ట", "", 1],
        "th1": ["ఠ", "", 1]
    },
    "d": {
        "d": ["ద", "h1", 1],
        "dh": ["ధ", "1", 1],
        "d1": ["డ", "", 1],
        "dh1": ["ఢ", "", 1]
    },
    "n": {
        "n": ["న", "1234", 1],
        "n1": ["ం", "", 2],
        "n2": ["ణ", "", 1],
        "n3": ["ఙ", "", 1],
        "n4": ["ఞ", "", 1]
    },
    "p": {
        "p": ["ప", "h", 1],
        "ph": ["ఫ", "", 1]
    },
    "f": {
        "f": ["ఫ", "", 1]
    },
    "b": {
        "b": ["బ", "h", 1],
        "bh": ["భ", "", 1]
    },
    "m": {
        "m": ["మ", "1", 1],
        "m1": ["ం", "m", 2],
        "m1m": ["ఁ", "", 2]
    },
    "x": {
        "x": ["క్ష", "", 1]
    },
    "y": {
        "y": ["య", "", 1]
    },
    "r": {
        "r": ["ర", "1z3", 1],
        "r1": ["ఱ", "", 1],
        "rz": ["ఱ", "", 1],
        "r3": ["ఋ", "ృ", "r", 0],
        "r3r": ["ౠ", "ౄ", "", 0]
    },
    "l": {
        "l": ["ల", "1", 1],
        "l1": ["ళ", "", 1]
    },
    "L": {
        "L": ["ళ", "Rz", 1],
        "Lz": ["ఴ", "", 1],
        "LR": ["ఌ", "ౢ", "R", 0],
        "LRR": ["ౡ", "ౣ", "", 0]
    },
    "v": {
        "v": ["వ", "", 1]
    },
    "w": {
        "w": ["వ", "", 1]
    },
    "h": {
        "h": ["హ", "1", 1],
        "h1": ["ః", "", 2]
    },
    "s": {
        "s": ["స", "h", 1],
        "sh": ["శ", "h", 1],
        "shh": ["ష", "", 1]
    },
    "S": {
        "S": ["S", "hW", 2],
        "Sh": ["ష", "", 1],
        "SW": ["SW", "S", 2],
        "SWS": ["卐", "", 2]
    },
    "z": {
        "z": ["z", "h", 2],
        "zh": ["ఴ", "", 1]
    },
    "M": {
        "M": ["ం", "M1", 2],
        "MM": ["ఁ", "", 2],
        "M1": ["ఁ", "", 2]
    },
    "H": {
        "H": ["ః", "", 2]
    },
    "Q": {
        "Q": ["॰", "Q", 2],
        "QQ": ["ఽ", "", 2]
    },
    "'": {
        "'": ["'", "'", 2],
        "''": ["ఽ", "", 2]
    },
    "$": {
        "$": ["$", "$", 2],
        "$$": ["₹", "", 2]
    },
    "q": {
        "q": ["q", "q", 2],
        "qq": ["్", "", 2]
    },
    ".": {
        ".": ["।", "x.1234567890aAiIuUeEoORLqn", 2],
        "..": ["॥", "", 2],
        ".0": ["౦", "", 2],
        ".1": ["౧", "", 2],
        ".2": ["౨", "", 2],
        ".3": ["౩", "", 2],
        ".4": ["౪", "", 2],
        ".5": ["౫", "", 2],
        ".6": ["౬", "", 2],
        ".7": ["౭", "", 2],
        ".8": ["౮", "", 2],
        ".9": ["౯", "", 2],
        ".a": ["", "aiu", 2],
        ".i": ["ి", "i", 2],
        ".u": ["ు", "u", 2],
        ".e": ["ె", "e", 2],
        ".o": ["ొ", "o", 2],
        ".L": [".L", "R", 2],
        ".LR": ["ౢ", "R", 2],
        ".R": ["ృ", "R", 2],
        ".q": ["‌", "", 2],
        ".n": [".n", "234", 2],
        ".n2": ["²", "", 2],
        ".n3": ["³", "", 2],
        ".n4": ["⁴", "", 2],
        ".A": ["ా", "", 2],
        ".aa": ["ా", "", 2],
        ".I": ["ీ", "", 2],
        ".ii": ["ీ", "", 2],
        ".ee": ["ీ", "", 2],
        ".U": ["ూ", "", 2],
        ".uu": ["ూ", "", 2],
        ".oo": ["ూ", "", 2],
        ".E": ["ే", "", 2],
        ".O": ["ో", "", 2],
        ".ai": ["ై", "", 2],
        ".au": ["ౌ", "", 2],
        ".RR": ["ౄ", "", 2],
        ".LRR": ["ౣ", "", 2],
        ".x": ["్", "", 2]
    },
    "#": {
        "#": ["#", "as", 2],
        "#a": ["#a", "n", 2],
        "#an": ["॒", "1", 2],
        "#s": ["॑", "s1", 2],
        "#ss": ["᳚", "s1", 2],
        "#sss": ["᳛", "1", 2],
        "#an1": ["↓", "", 2],
        "#s1": ["↑", "", 2],
        "#ss1": ["↑↑", "", 2],
        "#sss1": ["↑↑↑", "", 2]
    },
    "antar": {
        "ॐ": ["AUM", 2],
        "॑": ["#s", 2],
        "॒": ["#an", 2],
        "।": [".", 2],
        "॥": ["..", 2],
        "॰": ["Q", 2],
        "ఁ": ["MM", 2],
        "ం": ["M", 2],
        "ః": ["H", 2],
        "అ": ["a", 2],
        "ఆ": ["A", 2],
        "ఇ": ["i", 2],
        "ఈ": ["I", 2],
        "ఉ": ["u", 2],
        "ఊ": ["U", 2],
        "ఋ": ["R", 2],
        "ఌ": ["LR", 2],
        "ఎ": ["e", 2],
        "ఏ": ["E", 2],
        "ఐ": ["ai", 2],
        "ఒ": ["o", 2],
        "ఓ": ["O", 2, "ం"],
        "ఓం": ["AUM", 2],
        "ఔ": ["au", 2],
        "క": ["k", 1],
        "ఖ": ["kh", 1],
        "గ": ["g", 1],
        "ఘ": ["gh", 1],
        "ఙ": ["G", 1],
        "చ": ["ch", 1],
        "ఛ": ["chh", 1],
        "జ": ["j", 1],
        "ఝ": ["jh", 1],
        "ఞ": ["Y", 1],
        "ట": ["T", 1],
        "ఠ": ["Th", 1],
        "డ": ["D", 1],
        "ఢ": ["Dh", 1],
        "ణ": ["N", 1],
        "త": ["t", 1],
        "థ": ["th", 1],
        "ద": ["d", 1],
        "ధ": ["dh", 1],
        "న": ["n", 1],
        "ప": ["p", 1],
        "ఫ": ["ph", 1],
        "బ": ["b", 1],
        "భ": ["bh", 1],
        "మ": ["m", 1],
        "య": ["y", 1],
        "ర": ["r", 1],
        "ఱ": ["r1", 1],
        "ల": ["l", 1],
        "ళ": ["L", 1],
        "ఴ": ["zh", 1],
        "వ": ["v", 1],
        "శ": ["sh", 1],
        "ష": ["Sh", 1],
        "స": ["s", 1],
        "హ": ["h", 1],
        "ఽ": ["''", 2],
        "ా": ["A", 0],
        "ి": ["i", 0],
        "ీ": ["I", 0],
        "ు": ["u", 0],
        "ూ": ["U", 0],
        "ృ": ["R", 0],
        "ౄ": ["RR", 0],
        "ె": ["e", 0, "ౖ"],
        "ై": ["ai", 0, "", 25],
        "ే": ["E", 0],
        "ై": ["ai", 0],
        "ొ": ["o", 0],
        "ో": ["O", 0],
        "ౌ": ["au", 0],
        "్": ["", 2],
        "ౠ": ["RR", 2],
        "ౡ": ["LRR", 2],
        "ౢ": ["LR", 0],
        "ౣ": ["LRR", 0],
        "౦": [".0", 2],
        "౧": [".1", 2],
        "౨": [".2", 2],
        "౩": [".3", 2],
        "౪": [".4", 2],
        "౫": [".5", 2],
        "౬": [".6", 2],
        "౭": [".7", 2],
        "౮": [".8", 2],
        "౯": [".9", 2],
        "᳚": ["#ss", 2],
        "᳛": ["#sss", 2],
        "₹": ["$$", 2],
        "↑": ["#s", 2, "↑"],
        "↑↑": ["#ss", 2, "↑"],
        "↑↑↑": ["#sss", 2],
        "↓": ["#an", 2]
    },
    "kram": [
        "ఓం",
        "అ",
        "అ",
        1,
        "ఆ",
        "ా",
        "ఆ",
        "ా",
        "ఇ",
        "ి",
        "ఈ",
        "ీ",
        "ఉ",
        "ు",
        "ఉ",
        "ు",
        "ఊ",
        "ూ",
        "ఊ",
        "ూ",
        "ఏ",
        "ే",
        "ఎ",
        "ె",
        "ఐ",
        "ై",
        "ఐ",
        "ై",
        "ఓ",
        "ో",
        "ఒ",
        "ొ",
        "ఔ",
        "ౌ",
        "ఔ",
        "ౌ",
        "ఋ",
        "ృ",
        "ౠ",
        "ౄ",
        "ఌ",
        "ౢ",
        "ౡ",
        "ౣ",
        "ం",
        "ఁ",
        "ః",
        "ఽ",
        "్",
        1,
        "॰",
        "క",
        "క",
        "ఖ",
        "ఖ",
        "గ",
        "గ",
        "గ",
        "ఘ",
        "ఙ",
        "చ",
        "చ",
        "ఛ",
        "ఛ",
        "జ",
        "జ",
        "జ",
        "ఝ",
        "ఞ",
        "త",
        "థ",
        "ద",
        "ధ",
        "న",
        "న",
        "ట",
        "ఠ",
        "డ",
        "డ",
        "డ",
        "ఢ",
        "ఢ",
        "ణ",
        "ప",
        "ఫ",
        "ఫ",
        "బ",
        "బ",
        "భ",
        "మ",
        "య",
        "య",
        "వ",
        "ర",
        "ర",
        "ల",
        "ళ",
        "ళ",
        "హ",
        "స",
        "శ",
        "ష",
        "॒",
        "॑",
        "᳚",
        "᳛",
        "౦",
        "౧",
        "౨",
        "౩",
        "౪",
        "౫",
        "౬",
        "౭",
        "౮",
        "౯"
    ]
}