{
    "range": [
        [1536, 1791],
        [64336, 65279]
    ],
    "sa": 0,
    "a": {
        "a": ["َ", "aiu12", 2],
        "aa": ["ا", "", 2],
        "a1": ["اَ", "", 2],
        "a2": ["ع", "", 2],
        "ai": ["اَے", "", 2],
        "au": ["اَو", "", 2]
    },
    "A": {
        "A": ["آ", "U", 2],
        "AU": ["AU", "M", 2],
        "AUM": ["ॐ", "1", 2],
        "AUM1": ["卐", "", 2]
    },
    "i": {
        "i": ["ِ", "i12", 2],
        "ii": ["اِی", "12", 2],
        "i1": ["اِ", "", 2],
        "ii1": ["ی", "", 2],
        "ii2": ["ِی", "", 2],
        "i2": ["ا", "", 2]
    },
    "I": {
        "I": ["اِی", "12", 2],
        "I1": ["ی", "", 2],
        "I2": ["ِی", "", 2]
    },
    "u": {
        "u": ["ُ", "u12", 2],
        "uu": ["اُو", "12", 2],
        "u1": ["اُ", "", 2],
        "uu1": ["و", "", 2],
        "u2": ["ا", "", 2],
        "uu2": ["ُو", "", 2]
    },
    "U": {
        "U": ["اُو", "21", 2],
        "U1": ["و", "", 2],
        "U2": ["ُو", "", 2]
    },
    "e": {
        "e": ["ے", "e12", 2],
        "e1": ["اے", "", 2],
        "ee": ["اِی", "12", 2],
        "ee1": ["ی", "", 2],
        "ee2": ["ِی", "", 2],
        "e2": ["ا", "", 2]
    },
    "o": {
        "o": ["او", "o", 2],
        "oo": ["اُو", "12", 2],
        "oo1": ["و", "", 2],
        "oo2": ["ُو", "", 2]
    },
    "R": {
        "R": ["رِ", "R", 2],
        "RR": ["ری", "", 2]
    },
    "k": {
        "k": ["ک", "1h", 2],
        "k1": ["ق", "h", 2],
        "k1h": ["قھ", "", 2],
        "kh": ["کھ", "z1", 2],
        "khz": ["خ", "", 2],
        "kh1": ["خ", "", 2]
    },
    "g": {
        "g": ["گ", "hz1", 2],
        "gh": ["گھ", "", 2],
        "gz": ["غ", "", 2],
        "g1": ["غ", "", 2]
    },
    "G": {
        "G": ["ن٘", "", 2]
    },
    "c": {
        "c": ["c", "h", 2],
        "ch": ["چ", "h", 2],
        "chh": ["چھ", "", 2]
    },
    "C": {
        "C": ["چ", "h", 2],
        "Ch": ["چھ", "", 2]
    },
    "j": {
        "j": ["ج", "hz", 2],
        "jh": ["جھ", "", 2],
        "jz": ["ز", "123", 2],
        "jz1": ["ض", "", 2],
        "jz2": ["ظ", "", 2],
        "jz3": ["ذ", "", 2]
    },
    "J": {
        "J": ["ڃ", "", 2]
    },
    "Y": {
        "Y": ["ڃ", "", 2]
    },
    "T": {
        "T": ["ٹ", "h", 2],
        "Th": ["ٹھ", "", 2]
    },
    "D": {
        "D": ["ڈ", "zh", 2],
        "Dh": ["ڈھ", "z", 2],
        "Dz": ["ڑ", "", 2],
        "Dhz": ["ڑھ", "", 2]
    },
    "N": {
        "N": ["ݨ", "", 2]
    },
    "t": {
        "t": ["ت", "h123", 2],
        "th": ["تھ", "3", 2],
        "t1": ["ط", "", 2],
        "t2": ["ة", "", 2],
        "t3": ["ٹ", "", 2],
        "th3": ["ٹھ", "", 2]
    },
    "d": {
        "d": ["د", "h1", 2],
        "dh": ["دھ", "1", 2],
        "d1": ["ڈ", "", 2],
        "dh1": ["ڈھ", "", 2]
    },
    "n": {
        "n": ["ن", "123", 2],
        "n1": ["اً", "", 2],
        "n2": ["ں", "", 2],
        "n3": ["ڃ", "", 2]
    },
    "p": {
        "p": ["پ", "h", 2],
        "ph": ["پھ", "z", 2],
        "phz": ["ف", "", 2]
    },
    "f": {
        "f": ["پھ", "z", 2],
        "fz": ["ف", "", 2]
    },
    "b": {
        "b": ["ب", "h", 2],
        "bh": ["بھ", "", 2]
    },
    "m": {
        "m": ["م", "", 2]
    },
    "y": {
        "y": ["ی", "1", 2],
        "y1": ["ئ", "", 2]
    },
    "r": {
        "r": ["ر", "12", 2],
        "r1": ["ڑ", "", 2],
        "r2": ["ڑھ", "", 2]
    },
    "l": {
        "l": ["ل", "", 2]
    },
    "L": {
        "L": ["ل", "R", 2],
        "LR": ["لرِ", "R", 2],
        "LRR": ["لری", "", 2]
    },
    "v": {
        "v": ["و", "1", 2],
        "v1": ["ؤ", "", 2]
    },
    "w": {
        "w": ["و", "", 2]
    },
    "h": {
        "h": ["ہ", "142", 2],
        "h1": ["ح", "", 2],
        "h2": ["ھ", "", 2],
        "h4": ["ء", "", 2]
    },
    "s": {
        "s": ["س", "h12", 2],
        "s1": ["ص", "", 2],
        "s2": ["ث", "", 2],
        "sh": ["ش", "h", 2],
        "shh": ["ش", "", 2]
    },
    "S": {
        "S": ["S", "hW", 2],
        "Sh": ["ش", "", 2],
        "SW": ["SW", "S", 2],
        "SWS": ["卐", "", 2]
    },
    "z": {
        "z": ["ز", "123", 2],
        "z1": ["ض", "", 2],
        "z2": ["ظ", "", 2],
        "z3": ["ذ", "", 2]
    },
    "M": {
        "M": ["ں", "1", 2],
        "M1": ["ن", "", 2]
    },
    "H": {
        "H": ["ہّ", "", 2]
    },
    "Q": {
        "Q": ["॰", "", 2]
    },
    "$": {
        "$": ["$", "$", 2],
        "$$": ["₹", "", 2]
    },
    "q": {
        "q": ["q", "q", 2],
        "qq": ["ّ", "", 2]
    },
    ".": {
        ".": [".", "0123456789qn", 2],
        ".0": ["۰", "", 2],
        ".1": ["۱", "", 2],
        ".2": ["۲", "", 2],
        ".3": ["۳", "", 2],
        ".4": ["۴", "", 2],
        ".5": ["۵", "", 2],
        ".6": ["۶", "", 2],
        ".7": ["۷", "", 2],
        ".8": ["۸", "", 2],
        ".9": ["۹", "", 2],
        ".q": ["‌", "", 2],
        ".n": [".n", "234", 2],
        ".n2": ["²", "", 2],
        ".n3": ["³", "", 2],
        ".n4": ["⁴", "", 2]
    },
    "antar": {
        "،": [",", 2],
        "؛": [";", 2],
        "؟": ["?", 2],
        "ء": ["h", 2],
        "آ": ["A", 2],
        "ؤ": ["u", 2],
        "ئ": ["i", 2],
        "ا": ["a", 2, "َُِوےً"],
        "او": ["o", 2],
        "اً": ["n", 2],
        "اَ": ["a", 2],
        "اُ": ["u", 2, "و"],
        "اُو": ["U", 2],
        "اِ": ["i", 2, "ی"],
        "اِی": ["I", 2],
        "اے": ["e", 2],
        "ب": ["b", 2, "ھ"],
        "بھ": ["bh", 2],
        "ة": ["t", 2],
        "ت": ["t", 2, "ھ"],
        "تھ": ["th", 2],
        "ث": ["s", 2],
        "ج": ["j", 2, "ھ"],
        "جھ": ["jh", 2],
        "ح": ["h", 2],
        "خ": ["khz", 2],
        "د": ["d", 2, "ھ"],
        "دھ": ["dh", 2],
        "ذ": ["jz", 2],
        "ر": ["r", 2],
        "ز": ["jz", 2],
        "س": ["s", 2],
        "ش": ["sh", 2],
        "ص": ["s", 2],
        "ض": ["jz", 2],
        "ط": ["t", 2],
        "ظ": ["jz", 2],
        "ع": ["a", 2],
        "غ": ["gz", 2],
        "ـ": ["-", 2],
        "ف": ["phz", 2],
        "ق": ["k", 2, "ھ"],
        "قھ": ["kh", 2],
        "ل": ["l", 2],
        "م": ["m", 2],
        "ن": ["n", 2, "٘"],
        "ن٘": ["G", 2],
        "و": ["u", 2],
        "َ": ["a", 2],
        "ُ": ["u", 2, "و"],
        "ُو": ["U", 2],
        "ِ": ["i", 2, "ی"],
        "ِی": ["I", 2],
        "ّ": [".x", 2],
        "ٹ": ["T", 2, "ھ"],
        "ٹھ": ["Th", 2],
        "پ": ["p", 2, "ھ"],
        "پھ": ["ph", 2],
        "ڃ": ["Y", 2],
        "چ": ["ch", 2, "ھ"],
        "چھ": ["chh", 2],
        "ڈ": ["D", 2, "ھ"],
        "ڈھ": ["Dh", 2],
        "ڑ": ["Dz", 2, "ھ"],
        "ڑھ": ["Dhz", 2],
        "ک": ["k", 2, "ھ"],
        "کھ": ["kh", 2],
        "گ": ["g", 2, "ھ"],
        "گھ": ["gh", 2],
        "ں": ["M", 2],
        "ھ": ["h", 2],
        "ہ": ["h", 2, "ّ"],
        "ہّ": ["H", 2],
        "ی": ["i", 2],
        "ے": ["e", 2],
        "۰": [".0", 2],
        "۱": [".1", 2],
        "۲": [".2", 2],
        "۳": [".3", 2],
        "۴": [".4", 2],
        "۵": [".5", 2],
        "۶": [".6", 2],
        "۷": [".7", 2],
        "۸": [".8", 2],
        "۹": [".9", 2],
        "ݨ": ["N", 2],
        "ॐ": ["AUM", 2],
        "॰": ["Q", 2],
        "₹": ["$$", 2],
        "↑": ["#s", 2, "↑"],
        "↑↑": ["#ss", 2, "↑"],
        "↑↑↑": ["#sss", 2],
        "↓": ["#an", 2]
    },
    "?": {
        "?": ["؟", "", 2]
    },
    ",": {
        ",": ["،", "", 2]
    },
    ";": {
        ";": ["؛", "", 2]
    },
    "-": {
        "-": ["ـ", "", 2]
    }
}